2021-07-02 23:21:42.732982,b'\x10 \x00\x04MQTT\x04\xc2\x00<\x00\x00\x00\x08username\x00\x08password0\x00\x08dev/testSending message num\xf3\xa0\x80\xa3/testSendinendinestSending message num/testSendinestSending message number0 \x00\x08dev/testSending message number0 \x00\x08dev/testSending message number0 \x00\x08dev/testSending message number0 \x00\x08dev/testSending message number0 \x00\x08dev/testSending message number0 \x00\x08dev/testSending message number0 \x00\x08dev/testSending message number0 \x00\x08dev/testSending message number0 \x00\x08dev/testSending message number0 \x00\x08dev/testSending message number0 \x00\x08dev/testSending message number65536 \x00\x08dev/testSending message number0 \x00\x08dev/testSending message number\xe0\x80'
2021-07-02 23:21:43.786179,b'\x10 \x00\x04MQTT\x04\xc2\x00<\x00\x00\x00\x08username\x00\x08password0\x0e\x00\x08dev/testMQTT0\x0e\x00\x08dev/testMQT0\x0e\x00\x08dev/testMQTT0\x0e\x00\x08dev/testMQTT0\xf3\xa0\x80\xac\xf3\xa0\x81\xe2\x81\xa8\xac21\x0e\x00\x08\xf3\xa0\x81\xa0dtMQTT0\x0e\x00\x08dev/testMQTT-128\xc0\xb5\x0e\xb5\xe1\x9a\x80\x0e\x00\x08devT0\x0e\x00\x08dev/testMQTT0\x00\x08dev/tesQ\xb0\xa0T\x81\xe2\xca0\x0e\x00\x08dev/testMQTT\xe0\x005'
2021-07-02 23:21:44.838160,"b'\x10 \x00\x04MQTT\x04\xc2\x00<\x00\x00\x00\x08username\x00\x08password1(\x00\x08de\xf3\xa0\x80\xbfv/testsocket.sendall(bytes[\xf3\xa0\x81\x8a, flags])0(\x00\x08dev/testsocket.sendall(bytes[, flags])0(\x00\x08dev/testsocket.sendall(bytes[, flags])0(\x00\x08dev/testsocket.sendall(bytes[, flags])0(\x00\x08dev/testsocket.sendall(bytes[, flags])0(\x00\x08dev/testsocketsendall(bytes[, flags])0(\x00\x08dev/testsocket.sendall(bytes[, flags])0(\x00\x08dev/testsocket.sendall(bytes[, flags])1(\x00\x08dev/testsocket.sen\xcd\x8fdalm(ytes[, flags])0(\x00\x08dev/testsocket.sendall(bytes[, flags])0(\x00\x08dev/testsocket.sendall(bytes[, flags])0(\x00\x08dev/testsocket.sendall(bytes[, flags])0(\x00\x08dev/testsocket.sendall(bytes[, flags\xf3\xa0\x81\x85\xf3\xa0\x81\xbc])0(\x00\x08dev/testsocket.sendall(bytes[, flags])\xf3\xa0\x81\xbc\xe0\xc0\x80'"
2021-07-02 23:21:45.887626,b'\x10 \x00\x04MQTT\x04\xc2\x00<\x00\x00\x00\x08username\x00\x08password0P\x00\x08dev/dev/test\\x10 \xa0\x81\x9708password0P\x00\x08dev/test\\x10 \\x00\\x04MQTT\\x04\\xc2\\x00<\\x00\\x00\\x00\\x08username\\x00\\x08password0P\x00\x08dev/test\\x10 \\x00\\x04MQTT\\x04\\xc2\\x00<\\x00\\x00\\x00\\x08username\\x00\\x08password0P\x00\x08dev/test\\x10 \\x00\\x04MQTT\\x04\\xc2\\x00<\\x00\\x00\\x00\\x08username\\x00\\x08password0P\x00\x08dev/test\\x10 \\x00\\x\xe2\x80\x8e04MQTT\\x04\\xc2\\x00<\\x00\\x08passworname\\x00\\x08password0P\x00\x08dev/test\\x10 \\x00\\x04MQTT\\x04\\xc2\\x00<\\x00\\x00\\x00\\x08username\\x00\\x08password0P\x00\x08dev/test\\x\xc2\xa010 \\x00\\x08userna\xf3\xa0\x81\x8f\xf3\xa0\x81\xadme\\x00\\x08password0P\x00\x08dev/test\\x10 \\x00\\x04MQTT\\x04\\xc2\\x00<\\x00\\x00\\x00\\x08username\\x00\\x08password0P\x00\x08dev/test\\x10 \\x00\\x04MQTT\\x04\\xc2\\x00<\\x00\\x00\\x00\\x08username\\x00\\x08password0P\x00\x08dev/test\\x10 \\x00\\x04MQTT\\x04\\xc2\\x00<\\x00\\x00\\x00\\x08username\\x00\\x08password0P\x00\x08dev/test\\x10 \\x00\\x04MQTT\\x04\\xc2\\x00<\\x00\\x00\\x00\\x08username\\x00\\x0password0P\x00\x08dev/test\\x10 \\x00\\x04MQTT\\x04\\xc2\\x00<\\x00\\x00\\x00\\x08username\\x00\\x08password0P\x00\x08dev/test\\x10 \\x00\\x04MQTT\\x04\\xc2\\x00<\\x00\\x00\\x00\\x08username\\x00\\x\xc0\xb08password0P\x00\x08dev/test\\x10 \\x00\\x04MQTT\\x04\\xc2\\x00<\\x00\\x00\\x00\\x08username\\x00\\x08password\xf4\x8f\xbf\xf4\x8f\xbf\xe2\x80\x89\xf3\xa0\x80\xa9\xf3\xe3\x80\x80\xa0\x80\xa8\xbe\xf3\xa0\x81\x8f\xf3\xa0\x81\x9e\xf3\xa0\xef\xbc\x8f\xa0\x80\xb4\xc0\x80'
2021-07-02 23:21:46.932581,b'\x10 \x00\x04MQTT\x04\xc2\x00<\x00\x00\x00\x08username\x00\x08password0W\x00\x08dev/testReceive normal data (up to bufsize bytes) and ancillary data (up to bufsize bytes) and ancillary data from the socket.0W\x00\x08dev/testReceive normal data (up to bufsize bytes) and ancillary data from the socket.0W\x00\x08dev/testReceive normal data (up to bufsize bytes) an\xf3\xa0\x81\x84d ancillary data from the socket.0W\x00\x08dev/testReceive normal data (up to bufsize bytes) and ancillary data from the socket.0W\x00\x08devnd ancillary data (up to bufs\xe2\x81\x9fize bytes) and ancillary data from tie socket.0W\x00\x08dev/testReceive normal data (up to bufsize bytes) and ancillary data from the socket.0W\x00\x08dev/testReceive normal data (up to bufsize bytes) and ancillary data from the socket.0W\x00\x08dev/testReceive normal data (up to bufsize bytes) and ancillary data from the socket.0W\x00\x08dev/testReceive normal data (up to bufsize bytes) and ancillary data from the socket.0W\x00\x08dev/testReceive normal data (up to bufsize bytes) and ancillary data from the socket.0W\x00\x08dev/testReceive normal data (up to bufsize bytes) and ancillary data from the socket.0W\x00\x08dev/testReceive normal data (up to bufsize bytes) and ancillary data from the socket.0W\x00\x08dev/testReceivfsize btes) and ancillar ancillary data from the socket.0W\x00\x08dev/testReceive normal data (up to bufsize bytes) and ancillary data from the socket.\xef\xbb\xbf\xe0\xf3\xa0\x81\x87\x00'
2021-07-02 23:21:48.467533,b'\x10 \x00\x04MQTT\x04\xc2\x00<\x00\x00\x00\x08username\x00\x08password('
2021-07-03 00:54:57.144071,b'\x10 \x00\x04MQTT\x04\xc2\x00<\x00\x00\x00\x08username\x00\x08password29 \x00\x08dev/testSending me\xf3\xa0\x81\xb5ssage num\xf3\xa0\x81\x83numb\xf3\xa0\x81\x83er0 \x00\x08dev/testSending message number0 \x00\x08dev/testSending message number18446744073709551615 \x00\x08devsbge number0 \x00\x08dev/testSending message number-6483011355922290 \x00\x08dev/testSending message number0 \x00\x08dev/testSending message number0 \xf3\xa0\x81\xa8\x00\x08\xf3\xa0\x81\xa3\r\xef\xbd\xb0d\xe0\xb9\xf3\xa0\x80\xa2\xf3\xa0\x81\xa8\x00\x08num\xf3\xa0\x80\xa9ber0 \x00\x08dev/testSending message number0 \x00\x08dev/testSending message number0 \x00\x08dev/testSending message number0 \x00\x08dev/testSending message \x00\x08dev/testSending message number0 \x00\x08dev/testSending message numbert\x081/dv \x00e\xf3\xa0\x81\x9e\xfb\xee(esage number\xe0\x00\xa3'
2021-07-03 00:54:57.293039,b'\x10 \x00\x04MQTT\x04\xc2\x00<\x00\x00\x00\x08username\x00\x08password0\x0e\x00\x08dev\xf3\xa0\x80\xa4/testMQTT0\x0e\x00\x08dev/testMQTT0\x0e\x00\x08dev/testMQTT0\x0e\x00\x08dev/testMQTT0\x0e\x00\x08dev/testMQTT0\x0e\x00\x08dev/testMQTT0\x0e\x00\x08dev/testMQTT0\x0e\x00\x08dev/testMQTT18446744073709551613\x0e\x00\x08d\xf3\xa0\x80\xb8ev/testMQTT0\x0e\x00\x08dev/testMQTT0\x0e\x00\x08dev/testMQTT0\x0e\x00\xf3\xa0\x81\x92\x08dev/testMQTT0\x0e\x00\x08dev/testMQTT0\x0e0\x0e\x00\x08dev/testMQTTT\xe0\x00('
2021-07-03 00:54:57.443979,"b'\x10 \x00\x04MQTT\x04\xc2\x00<\x00\x00\x00\x08username\x00\x08password0(\x00\x08dev/testsocket.sendall(bytes[, lags])0(\x00\x08dev/testsocket.sendall(bytes[, flags])0(\x00\x08dev/testsocket.sendall(ball(bytes[, flags])0(\x00\x08dev/testsocket.sendall(bytes[, flags])0(\x00\x08dev/testsocket.sendall(bytes[, flags])0(\x00\x08dev/testsocket.sendall(bytes[, flags])0(\x00\x08dev/testsocket.sendall(bytes[, flags])0(\x00\x08dev/testsocket.sendall(bytes[, flags])0(\x00\x08dev/testsocket.sendall(bytes[, flags])\xe0\x00L'"
2021-07-03 00:54:57.590224,b'\x10 \x00\x04MQTT\x04\xc2\x00<\x00\x00\x00\x08username\x00\x08password0P\x00\x08dev/test\\x10 \\x00\\x04MQTT\\x04\\xc2\\x00<\\x00\\x00\\x00\\x08username\\x00\\\xf3\xa0\x81\x86x08password0P\x00\x08dev/test\\x10 \\x00\\x04MQTT\\x04\\xc2\\x00<\\x00\\x00\\x00\\x08username\\x00\\x08password0P\x00\x08dev/test\\x10 \\x00\\x04MQTT\\x04\\xc2\\x00<\\x00\\x00\\x00\\x08username\\x00\\x08password0P\x00\x08dev/test\\x10 \\x00\\x04MQTT\\x04\\xc2\\x00<\\x00\\x00\\x00\\x08username\\x00\\x08password0P\x00\x08dev/test\\x10 \\x00\\x04MQTT\\x04\\xc2\\x00<\\x00\\x00\\x00\\x08username\\x00\\x08password0P\x00\x08dev/test\\x10 \\x00\\x04MQTT\\x04\\xc2\\x00<\\x00\\x00\\x00\\x08username\\x00\\x08password0P\x00\x08dev/test\\x10 \\x00\\x04MQTT\\x04\\xc2\\x00<\\x00\\x00\\x00\\x08username\\x00\\x08password0P\x00\x08dev/test\\x10 \\x00\\x04MQTT\\x04\\xc2\\x00<\\x00\\x00\\x00\\x08username\\x00\\x08password0P\x00\x08dev/test\\x10 \\x00\\x04MQTT\\x04\\xc2\\x00<\\x00\\x00\\x00\\x08username\\x00\\x08password0P\x00\x08dev/test\\x10 \\x00\\x04MQTT\\x04\\xc2\\x00<\\x00\\x00\\x00\\x08username\\x00\\x08password0P\x00\x08dev/test\\x10 \\x00\\x04MQTT\\x04\\xc2\\x00<\\x00\\x00\\x00\\x08username\\x00\\x08password0P\x00\x08dev/test\\x10 \\x00\\x04MQTT\\x04\\xc2\\x00<\\x00\\x00\\x00\\x08username\\x00\\x08password0P\x00\x08dev/test\\x10 \\x00\\x04MQTT\\x04\\xc2\\x00<\\x00\\x00\\x00\\x08username\\x00\\x08password\x00'
2021-07-03 00:54:57.739310,b'\x10 \x00\x04MQTT\x04\xc2\x00<\x00\x00\x00\x08username\x00\x08password0W\x00\x08dev/testReceive normal data (up to bufsize bytes) and ancillary data from the socket.0W\x00\x08dev/testReceive normal data (up to bufsize bytes) and ancillary data from the socket.0W\x00\x08dev/testReceive normal data (up to bufsize bytes) and ancillary data from the socket.0W\x00\x08dev/testReceive normal data (up to bufsize bytes) and ancillary data from the socket.0W\x00\x08dev/testReceive normal data (up to bufsize bytes) and ancillary data from the socket.0W\x00\x08dev/testReceive normal data (up to bufsize bytes) and ancillary data from the socket.0W\x00\x08dev/testReceive normal data (up to bufsize bytes) and ancillary data from the socket.0W\x00\x08dev/testReceive normal data (up to bufsize bytes) and ancillary data from the socket.0W\x00\x08dev/testReceive normal data (up to bufsize bytes) and ancillary data from the socket.0W\x00\x08dev/testReceive normal data (up to bufsize bytes) and ancillary data from the socket.0W\x00\x08dev/testReceive normal data (up to bufsize bytes) and ancillary data from the socket.0W\x00\x08dev/testReceive normal data (up to bufsize bytes) and ancillary data from the socket.0W\x00\x08dev/testReceive normal data (up to bufsize bytes) and ancillary data from the socket.0W\x00\x08dev/testReceive normal data (up to bufsize bytes) and ancillary data from the socket.\xe0\x00A'
2021-07-03 00:54:58.353771,b'\x10 \x00\x04MQTT\x04\xc2\x00<\x00\x00\x00\x08username\x00\x08password\xf0'
2021-07-03 00:55:44.770582,b'\x10 \x00\x04MQTT\x04\xc2\x00<\x00\x00\x00\x08username\x00\x08password0 \x00\x08dev\xe1\x9a\x80/\xe2\x80\x85testSending message numb\xe2\x81\xa5er0 \x00\x08dev/testSending message number170141183460469231731687303715884105727 \x00\x08dev/testSending message number0 \x00\x08dev/testSending message number-510423550\xf3\xa0\x81\x96381407695195061911147652317184 \x00\x08dev/testSending message number0 \x00\x08dev/testSending message number\xf3\xa0\x81\xbf\xc0\xb124 \x00\x08\xcb\x90d+/v+ev\xf3\xa0\x80\xb2/test\xe2\xf3\xa0\x81\x90\x80\xf3\xa0\x81\xf3\x80\xac\xb1\x8c\xf3\xa0\x81\x82S\xf3\xa0\x81\xb9enu\xef\xbe\xa0mber0 \x00\x08dev/testSending message number0 \x00\x08dev/testSending message number0 \x00\x08dev/testSending message number0 \x00\x08dev/testSending message number0 \x00\x08dev/testSending message number0 \x00\x08dev/testSending message number0 \x00\x08dev/testSending message number\xe0\x00\x08'
2021-07-03 00:55:44.915499,b'\x10 \x00\x04MQTT\x04\xc2\x00<\x00\x00\x00\x08username\x00\x08password.1 \x00\x08dev/testestSend\xf3\xa0\x80\xb5ing message number0 \x00\x08dev/testSending message number0 \x00\x08dev/testSending message number0 \x00\x08dev/testSending message number\x84\xe2\x80\xac-454ng\xe2\x80\x86 message numer0 \x00\x08dev/testSending message number0 \x00\x08dev/testSending message number0 \x00\x08dev/testSending message number-\xf3\xa0\x81\x9d1\x00\xf3\xf3\xa0\x81\x93\xa0\xf3\xa0\x80\xbd\x81\xa0\x81\x93\xa0\x81\xabdevm\xf3\xa0\x80\xb4bevm\xf3\xa0\x80\xb4ber0 \x00\x08dev/testSending message number0 \x00\x08dev/testSending message number0 \x00\x08dev/testSending message number0 \x00\x08dev/testSending message number-1388 \x00\xf3\xa0\x81\x98\xef\xbd\xb0\x08\xf3\xa0\xb6dev/tSeagenumber\xe0\x00\x97'
2021-07-03 00:55:45.061453,b'\x10 \x00\x04MQTT\x04\xc2\x00<\x00\x00\x00\x08username\x00\x08password0 \x00\x08dev/testSending me\xf3\xa0\x80\xb5ssage number0 \x00\x08dev/testSending message number0 \x00\x08de\xf3\xa0\x80\xa0v/te\x00\x00\xff\xffstSending message number0 \x00\x08dev/testSending message number0 \x00\x08dev/testSending mef\xfe\xffs\xe2\x80\xa8sag\te number0 \x00\x08dev/testSending message number0 \x00\x08dev/testSending message number\xcb\xb1r0 \x00\x08dev/testSending message numberS\xe3\x80\x80endindinumber0 \x00\x08dev/testSending message number0 \x00\x08dev/testSending message number0 \x00\x08dev/testSending m\xf3\xa0\x80\xbeessage number0 \x00\x08dev/testSending message number\xf3\x81\xa5\xe0\x01'
2021-07-03 00:55:45.220769,b'\x10 \x00\x04MQTT\x04\xc2\x00<\x00\x00\x00\x08username\x00\x08password0 \x00\x08de\xe2\x80\x80v/testSending message number0 \x00\x08dev/testSending message number170141183460469231731687303715884105727 \x00\x08dev/t\xca\xb5estSending message number170141183460469231e number170141183460469231731687303715884105727 \x00\x08dev/t\xca\xb5estSending message number170141183460469231731687303715884105727 \x00\x08dev/t\xca\xb5estSending message number0 \x00\x08dev/testSending message number0 \x00\x08dev/testSending message number0 \x00\x08dev/testSending message number0 \x00\x08dev/testSending message number0 \x00\x08dev/testSending message number0 \x00\x08dev/testSending message number0 \x00\x08dev/testSending message number0 \x00\x08dev/testSending message number0 \x00\x08dev/testSending message number0 \x00\x08dev/testSending message number0 \x00\x08dev/testSending message number\xe0\x00/'
2021-07-03 00:55:45.342427,b'\x10 \x00\x04MQTT\x04\xc2\x00<\x00\x00\x00\x08username\x00\x08password65535 \x00\x08dev/tessage number0 \x00\x08dev/testSending message number1 \x00\x08dev/testSending message num\xe2\x80\xadber0 \x00\x08dev/testSending message number-2 \x00\x08dev/testnding mes message numage number0 \x00\x08dev/testSending message number0 \x00\x08dev/tending message number0 \x00\x08dev/testSending message number8064044618296646992265402 \x00\x08\xf3\xa0\x81\xb1dev/testSending message \xf3\xa0\x81\x9cnumber0 \x00\x08dev/testSending message number827 \x00\x08dev/testSending message numer0 \x00\x08dev/testSending message number-2 \x00\x08dev/testSending message\xf3\xa0\x81\xa0 number0 \x00\x08dev/testSending message number\xf3\xa0\x81\xbd\xe0\x01'
2021-07-03 00:55:45.483519,b'\x10 \x00\x04MQTT\x04\xc2\x00<\x00\x00\x00\x08username\x00\x08password4294967295 \x00\x08dev/testSending message number0 \x00\x08dev/testSending message number0 \x00\x08d\xf3\xa0\x80\xbee\xf3\xa0\x81\xb1v/tfstSending messag\xef\xbb\xbee numbe\xf3\xa0\xc2\xb7\x80\xa1be\xf3\xa0\x80\xa1r0 \x00\x08dev/testSending message number0 \x00\x08dev/testSending message number0 \x00\x08dev/testSending message number0 \x00\x08dev/ter0 \x00\x08dev/testSending message number0 \x00\x08dev/testSending e number0 \x00\x08dev/testSending message numbermessage numb\xf3\xa0\x81\x92er0 \x00\x08dev/testSending message number0 \x00\x08dev/testSending message number0 \x00\x08dev/testSending message number\xe0\xc2\xb7\x00'
2021-07-03 00:55:45.622651,b'\x10 \x00\x04MQTT\x04\xc2\x00<\x00\x00\x00\x08username\x00\x08password9223372036854775808 \x00\x08dev/\xf3\xa0\x81\x84testSe\xf3\xa0\x81\x83ndinng\xf3\xa0\x80\xb9 mes\xf3\xa0\x81\x80sage number0 \x00\x08dev/testSending message number0 \x00\x08dev/testSending message number1 \x00\x08dev/testSending message number0 \x00\x08dev/testSending message number170141183460469231731687303720179073024 \x00\x08dev/testSending message nu\xef\xbf\xbfmb\xe2\x81\xa6er32767 \x00\x08dev/testSending message nu\xef\xbf\xbfmb\xe2\x81\xa6er0 \x00\x08dev/testSending message number0 \x00\x08dev/testSending message number0 \x00\x08dev/testSending message number0 \x00\x08dev/testSending message number0 \x00\x08dev/testSending message number0 \x00\xf3\xa0\x80\xb9\x08dev/testSend\xca\xb7ng message nu\xf3\xa0\x81\x9dmreb0 \x00\x08dev/testSending message number0 \x00\x08dev/testSending message number'
2021-07-03 00:55:45.774551,b'\x10 \x00\x04MQTT\x04\xc2\x00<\x00\x00\x00\x08username\x00\x08password0 \x00\x08dev/testSendi\xe0\xb9\x84ng message n\xe1\x85\xa0umber0 \x00\x08dev/testSending message number9812 \x00\x08eumber0 \x00\x08dev/testSending message number229 \x00\x08dev/testSending message number0 \x00\x08dev/testSending message number2147483648 \x00\x08dev/testSending essage number2147483648 \x00\x08dev/testSending essage number2147483648 \x00\x08dev/testSending essage number2147483648 \x00\x08dev/testSending essage number2147483648 \x00\x08dev/testSending essage number2147483648 \x00\x08dev/testSending essage number2147483648 \x00\x08dev/testSending essage number2147483648 \x00\x08dev/testSending essage number2147483648 \x00\x08dev/testSending essage number2147483648 \x00\x08dev/testSending essage number2147483648 \x00\x08dev/testS\nending essage number2147483648 \x00\x08dev/testSending essage number2147483648 \x00\x08dev/testSending essage number2147483648 \x00\x08dev/testSending essage number2147483648 \x00\x08dev/testSending essage number2147483648 \x00\x08dev/testSending essage number2147483648 \x00\x08dev/testSending essage number2147483648 \x00\x08dev/testSending essage number2147483648 \x00\x08dev/testSending essage number2147483648 \x00\x08dev/testSending essage number2147483648 \x00\x08dev/testSending essage number2147483648 \x00\x08dev/testSending essage number2147483648 \x00\x08dev/testSending essage number2147483648 \x00\x08dev/testSending essage number2147483648 \x00\x08dev/testSending essage number2147483648 \x00\x08dev/testSending essage number2147483648 \x00\x08dev/testSending essage number2147483649 \x00\x08dev/testSending essage number2147483648 \x00\x08dev/testSending essage number2147483648 \x00\x08dev/testSending essage number2147483648 \x00\x08dev/testSending essage number2147483648 \x00\x08dev/testSending essage number2147483648 \x00\x08dev/testSending essage number2147483648 \x00\x08dev/testSending essage number2147483648 \x00\x08dev/testSending essage number2147483648 \x00\x08dev/testSending essage number2147483648 \x00\x08dev/testSending essage number2147483648 \x00\x08dev/testSending essage number2147483647 \x00\x08dev/testSending essage number2147483648 \x00\x08dev/testSending essage number2147483648 \x00\x08dev/testSending essage number2147483648 \x00\x08dev/testSending essage number0 \x00\x08dev/testSending message number0 \x00\x08dev/testSending message number0 \x00\x08dev/testSending message number0 \x00\x08dev/testSending message number0 \x00\x08dev/testSending message number0 \x00\x08dev/testSending message number0 \x00\x08dev/testSending message number\xe0\x00\x02'
2021-07-03 00:55:45.908304,b'\x10 \x00\x04MQTT\x04\xc2\x00<\x00\x00\x00\x08username\x00\x08password-128 \x00\x08dev/testSending message \xf3\xa0\x80\xa4numsag\xf3\xa0\x81\x9ae numsagenumsage numsagenumbe\xf3\xa0\x80\xa0r0 \x00\x08dev/testSending message number0 \x00\x08dev/testSending message number0 \x00\x08dev/testSending message number0 \x00\x08dev/testSending message number0 \x00\x08dev/testSending message number0 \x00\x08dev/testSending message number0 \x00\x08dev/testSending message number0 \x00\x08dev/testSending message number0 \x00\x08dev/testSending message number0 \x00\x08dev/testSending message number0 \x00\x08dev/testSending message number0 \x00\x08dev/testSending message number-170141183460469231731687303715884380681 \x00\x08dev/tesagenumber\xe0\x00E'
2021-07-03 00:55:46.045071,b'\x10 \x00\x04MQTT\x04\xc2\x00<\x00\x00\x00\x08username\x00\x08password0 \x00\x08d\xef\xbf\xbfev/testending m\xf3\xa0\x81\x8aessage number0 \x00\x08dev/testSending message number-61065753325180932368656741 er0 \x00\x08dev/testSending message number0 \x00\x08dev/testSending message number0 \x00\x08dev/testSending message number0 \x00\x08dev/testSending message number0 \x00\x08dev/testSending message number0 \x00\x08dev/testSending message number-4294967299 \x00\x08dev/te\x00\x00\xff\xffstSending message number0 \x00\x08dev/testSending message number0 \x00\x08dev/testSending message number-1 \x00\x08dev/tesSending messa\xf3\xa0\x81\xa3ge n\xf3\xa0\x81\xb5umber0 \x00\x08dev/testSending message number\xf3\xa0\x80\xba\xe0\x00'
2021-07-03 00:55:46.177741,b'\x10 \x00\x04MQTT\x04\xc2\x00<\x00\x00\x00\x08username\x00\x08password0 \x00\x08ev/testSending message number0 \x00\x08dev/testSending message number1664296037918159502 er0 \x00\x08dev/testSending message number0 \x00\x08dev/testSending message number0 \x00\x08dev/testSending message number0 \x00\x08dev/\xf3\xa0\x81\x95testSending message number0 \x00\x08dev/testSending message numberdi\xe1\xbe\x82ng message number0 \x00\x08dev/testSending message number340282366920938463463374607431768211455 \x00\x08dev/testSending message number0 \x00\x08dev/testSending message number126 \x00\x08de/testSending message number0 \x00\x08dev/testSending message number\x80\x85\xa4\x00'
2021-07-03 00:55:46.320066,b'\x10 \x00\x04MQTT\x04\xc2\x00<\x00\x00\x00\x08username\x00\x08password1 \x00\x08dev/tstSending mes\xca\xb8sage number0 \x00\x08dev/testSending message number0 \x00\x08dev/testSending message number18446744078004518911 \x00\x08dev/\xf3\xa0\x80\xa3testSending message number0 \x00\x08dev/testSending message number0 \x00\x08dev/testSending message number0 \x00\x08dev/testSending message number0 \x00\x08dev/testSending message number0 \x00\x08dev/testSenumber0 \x00\x08dev/testSending message number0 \x00\x08dev/testSending message number0 \x00\x08dev/testSending message number0 \x00\x08dev/testSending message number0 \x00\x08dev/testSending message number\xe0\x00*'
2021-07-03 00:55:46.456693,b'\x10 \x00\x04MQTT\x04\xc2\x00<\x00\x00\x00\x08username\x00\x08password0 \x00\x08dev/testSending messag+/v8e number0 \x00\x08dev/testSending message number-1 message nnumber0 \x00\x08dev/testSending message number0 \x00\x08dev/testSending message number0 \x00\x08dev/testSending message number0 \x00\x08dev/testSending message number0 \x00\x08dev/testSending message number0 \x00\x08devstSending message number0 \x00\x08dev/testSending message number137 \x00nding \xe2\x80\x82message number0 \x00\x08dev/testSending message number0 \x00\x08dev/testSending message number0 \x00\x08dev/testSending mestSending message number\xe0\x00\xfe'
2021-07-03 00:55:46.596313,b'\x10 \x00\x04MQTT\x04\xc2\x00<\x00\x00\x00\x08username\x00\x08password0 \x00\x08dev/testSending m\xf3\xa0\x80\xaeessage number0 \x00\x08dev/testSending message number-1 \x00\xf3\xa0\x80\xa3\x08de\xf3\xa0\x80\xb9v/testSend\xf3\xa0\x81\xa0ing message nu\xf3\xa0\x81\xbember0 \x00\x08dev/testSending message number0 \x00\x08dev/testSending message number0 \x00\x08dev/testSending message number0 \x00\x08dev/testSending message number0 \x00\x08dev/testSending message number0 \x00\x08dev/testSestSending message number0 \x00\x08dev/testSending message number0 \x00\x08dev/testSending mmber0 \x00\x08dev/testSending message number\xe0\xf0\x90\x80\x80\x00'
2021-07-03 00:55:46.740472,b'\x10 \x00\x04MQTT\x04\xc2\x00<\x00\x00\x00\x08username\x00\x08password0 \x00\x08dev/testSending message number0 \x00\x08dev/testSending message number0er0 \x00\x08dev/testSending message number0 \x00\x08ge number0 \x00\x08dev/testSending message number-1 \x00\x08dev/testSending message nuber0 \x00\x08dev/testSending message number170141183460469231731687395949604474272\xe2\x80\x8175810 \xe2\x80\x88\x00\x08dev/testSendi\xf3\xa0\x80\xa4ng message number0 \x00\x08dev/testSending message number0 \x00\x08dev/testSending message number0 \x00\x08dev/testSending message number0 \x00\x08dev/testSending message number0 \x00\x08dev/testSending message number\xf3\xf3\xe2\x80\xaf\xca\xb2\xf3\xa0\x81\x84\xc3\x9f\x80\xa5\xa0\x80\xaa\xf3\xa0\x81\x96\xca\xb3\x00'
2021-07-03 00:55:46.875109,b'\x10 \x00\x04MQTT\x04\xc2\x00<\x00\x00\x00\x08username\x00\x08password0 \x00\x08dev/testSending mestSending message number0 \x00\x08dev/testSending message number0 \x00\x08dev/testSending \xf3\xa0\x81\xb2message number0 \x00\x08dev/testSending message number0 \x00\x08dev/testSend\xf3\xa0\x80\xb4ing \xf3\xa0\x80\xb4ing \xf3\xa0\x80\xb4ing \xf3\xa0\xf3\xa0\x80\xbe\x80\xafmessage number0 \x00\x08dev/testSending message number0 \x00\x08dev/testSending message number1 \x00\xe2\x80\x8e\x08dev/testSending message nu\xfb\xee(\xffmber0 \x00\x08dev/testSending message numberer0 \x00\x08dev/testSending message number0 +/v/\x00\x08dfv/testge number0 \x00\x08dev/testSending message number4294967295 \x00\x08\xe2\x81\xa0dev/testSending message numbe\xf3\xa0\x81\xb9r\xe0\x00c'
2021-07-03 00:55:47.019757,b'\x10 \x00\x04MQTT\x04\xc2\x00<\x00\x00\x00\x08username\x00\x08password0 \x00\x08dev/testS\xf3\xa0\x81\xef\xbf\xbf\x95ending messag\xf3\xa0\x81\x96e number0 \x00\x08dev/testSending message numbere number0 \x00\x08dev/testSending message number1 \x00\xe2\x80\x82\x08//testSending me\xf3\x80\xf3\xa0\x80\xaa\xf3\xa0\x81\xb3\xaassage numb\xb9\x83er0 \x00\x08dev/testSending message number0 \x00\x08dev/testSending message number0 \x00\x08dev/testSending message number1006483285 \x00\x08dev/testSending messae number0 \x00\x08dev/testSending message number0 \x00\x08dev/testSending message number0 \xf3\xa0\x80\xb5dev/tev/tev/tev/tetSeningmessage number0 \x00\x08dev/testSending message number0 \x00\x08dev/testSending message number\xe0\x00\xd0'
2021-07-03 00:55:47.155406,b'\x10 \x00\x04MQTT\x04\xc2\x00<\x00\x00\x00\x08username\x00\x08password1 \x00\x08dev/testSending message number0 \x00\x08dev/testSending message number18446744073709551615 \x00\x08dev/testSending message number0 \x00\x08dev/testSending message number0 \x00\x08dev/testSending mes\xf3\xa0\x80\xafsage number0 \x00\x08dev/testSending message number3435265053 \x00\x08dev\xe2\x81\xa6/testSending message number0 \x00\x08dev/testSending message number0 \x00\x08dev/te\xe3\xf3\xa0\x81\xb1\x80\x80stSen\xf3\xa0\x80\xbading\xb1\x80\x80stSen\xf3\xa0\x80\xbading message number0 \x00\x08dev/testSending message number922\xc0\xb3372036854775808 \x00\x08dev/testSending \xf7dmessage nuber0 \x00\x08dev/testSending message number0 \x00\x08dev/testSending message number-65535 \x00\x08dev/testSending message number\xe0\x00\x96'
2021-07-03 00:55:47.294762,b'\x10 \x00\x04MQTT\x04\xc2\x00<\x00\x00\x00\x08username\x00\x08password255 \x00\x08dev/testSending mess\xf3\xa0\x80\xa6age numbe\xa6a255 \x00\x08dev/testSending mess\xf3\xa0\x80\xa6age numbe\xa6age numbe\xa6age number0 \x00\x08dev/testSending message number0 \x00\x08dev/testSending messbge number0 \x00\x08dev/testSending message number0 \x00\x08dev/testSending message \x00\x08dev/testSending message number0 \x00\x08dev/testSending message number0 \x00\x08dinge nvbe\xe2\x80\x83r0 \x00\x08dev/testSending message number32769 \x00\x08dev/testSending message number0 \x00\x08dev/testSending message number4294967295 \x00\x08dev/t\xf3\xa0\x81\xa7estSending message number0 \x00\x08dev/testSending message number0 \x00\x08dev/testSending message numbe\xe2\x81\xa6r0 \x00\x08dev/testSending message number\xf3\xa0\x81\xe2\x81\xa7\x89\xe0\x00'
2021-07-03 00:55:47.437027,b'\x10 \x00\x04MQTT\x04\xc2\x00<\x00\x00\x00\x08username\x00\x08password0 \x00\x08dev/testSending mes\xe1\x9a\x80sage number0 \x00\x08dev/testSending message number0 \x00\x08dev/testSending\xf3\xa0\x81\x8c message number0 \x00\x08dev/testSending message number0 \x00\xed\xba\xad+/v+\x08d\xca\xb3ev/\xf3\xa0\x80\xa1\xe2\x80\xab/v+\x08d\xca\xb3ev/\xf3\xa0\x80\xa1\xe2\x80\xab\xf3\xa0\x80\xa5ev\xe2\x80\xae/teer0 \x00\x08dev/testSending message number0 \x00\x08dev/testSending message number0 \x00\x08dev/testSending message number0 \x00\x08dev/testSending message number0 \x00\x08dev/testSending message number0 \x00\x08dev/testSending message number0 \x00\x08dev/testSending message number0 \x00\x08dev/teng message number0 \x00\x08dev/testSending message number\xe0\x01'
2021-07-03 00:55:47.568806,b'\x10 \x00\x04MQTT\x04\xc2\x00<\x00\x00\x00\x08username\x00\x08password0!\x00\x08dew/te\x00\x08dev\xf3\xa0\x80\xbe/testSending message num\xfe\xffer0 \x00\x08dev/testSending message number0 \x00\x08dev/testSending message number0 \x00\x08dev/testSending message number0 \x00\x08dev/testSen \x00\x08dev/testSending message number0 \x00\x08dev/testSending message number1 \x00\x08dev/testSending message number0 \x00\x08dev/testSending message number0 \x00\x08dev/testSending messa\xf3\xa0\x81\x80ge number0 \x00\x08dev/testSending message number2147483648\xc0\xa0\x00\x08d\xe2\x80\xaeev/testSending\xf3\xa0\x81\xb4 mestSending messagenumber0 \x00\x08dev/testSending message number0 \x00\x08dev/testSending message number0 \x00\x08dev/testSending message number\xe0\x00\xac'
2021-07-03 00:55:47.708310,b'\x10 \x00\x04MQTT\x04\xc2\x00<\x00\x00\x00\x08username\x00\x08password65537 \x00\x08\xe2\x80\x8e\xe2\x80\x8edev/test\xe2\x81\xa8Se\xed\xaa\xadndi\xf3\xf3\xa0\x80\xac\xa0\x81\x8bage numb\xe2\x80\x88er0 \x00\x08dev/testSending message number0 \x00\x08dev/testSending message number32769 \x00\x08dev/testSending message number0 \x00\x08dev/testSending message number9223372036854775808ev/testSending \xf3\xa0\x80\xacmessage \xf3\xa0\x81\x82number0 \x00\x08dev/testSending message number0 \x00\x08dev/testSending message number0 \x00\x08dev/testSending message number0\xc0\xa0\x00\x08dev/testSending message number0 \x00\x08dev/testSending message number0 \x00\x08demerb0 \x00\x08dev/testSending message number1 \x00\x08dev/tg message number\xe0\x00\xa5'
2021-07-03 00:55:47.850246,b'\x10 \x00\x04MQTT\x04\xc2\x00<\x00\x00\x00\x08username\x00\x08password0 \x00\x08dev/testSending message nuber0 \x00\x08dev/testSending message number127 \x00\x08d\xf3\xa0\x81\x99ev/testS\xf3\xa0\x81\x87ending message number0 \x00\x08dev/testSending message number9223372036854775808 \x00\x08dev/testSending mesage number0 \x00\x08dev/testSending message number0 \x00\x08d\xf3\xa0\x81\xbdev/testSending message number0 \x00\x08dev/testSending message number0 \x00\x08de\xf3\xa0\x80\x81v/tes\xf3\xa0\xa0tSending mestSending message \xe0\xb9\x81\xf3\xa0\x80\xaenumber0 \x00\x08dev/testSending message number0 \x00\x08dev/testestSending message number0 \x00\x08dev/testSending message number0 \x00\x08dev/testSending umber0 \x00\x08dev/testSending message number\xf3\xa0\x81\xb9\xe0\xb9\x82\xca\xf3\xa0\x81\x8b\xb7\xe0+/v\x00'
2021-07-03 00:55:47.992645,b'\x10 \x00\x04MQTT\x04\xc2\x00<\x00\x00\x00\x08username\x00\x08password1 \x00\x08dev/testSending message number0 \x00\x08dev/testSending message number0 \x00\x08dev/testSending message n\xf3\xa0\x81\x87umber0 \x00\x08dev/testSending message number \xf3\xa0\x80\xa5\x08e\xca\xb8\x80\xf3\xa0\x80\xb6\x00\x00\xff\xe2\x80\xae\xffv/te\xf3\xef\xb7\xba\xa0\x81\x86r0 \x00\x08dev/testSending message number0 \x00\x08dev/testSending message number0 \x00\x08dev/testSending message number0 \x00\x08dev/testSending message number0 \x00\x08dev/testSending message number0 \x00\x08dev/testSending message number0 \x00\x08dev/testSending message number0 \x00\x08dev/testSending message number0 \x00\x08dev/testSending message number'
2021-07-03 00:55:48.135124,b'\x10 \x00\x04MQTT\x04\xc2\x00<\x00\x00\x00\x08username\x00\x08password0 \x00\x08dev/testSeng messae number0 \x00\x08dev/testSending message number\xf3\xa0m\xf3\xa0mb\xf3\xa0\x81\xa8e0 \x00\x08dev/testSending message number0 \x00\x08dev/testSending message number0 \x00\x08dev/testSending message number0 \x00\x08dev/testSending message number0 \x00\x08dev/testSending message number0 \x00\x08dev/testSending message number0 \x00\x08dev/testSending message number0 \x00\x08dev/testSening messge \xf3\xa0\x80\xb6nu\xf3\xa0\x81\x8fmber0 \x00\x08dev/testSending message number1 \x00\x08dev/testSending message number0 \x00\x08dev/testSending message number\xe0\xf3\xa0\x81\xb3\x00'
2021-07-03 00:55:48.274019,b'\x10 \x00\x04MQTT\x04\xc2\x00<\x00\x00\x00\x08username\x00\x08password0 \x00\x08dev/testSending message ner0 \x00\x08dev/testSending message number0 \x00\x08devv/tettSending messag\xcd\x85e number0 \x00\x08dev/testSending message number0 \x00\x08de\xef\xbb\xbev/test\xe2\x80\x86Sending message num\xf3\xa0\x80\xb3ber0 \x00\x08dev/testSending message number0 \x00\x08dev/testSending message number0 \x00\x08dev/testSending message number0 \x00\x08dev/testSending message number0 \x00\x08dev/testSending mestSending messag\xe2\x81\xa0e number0 \x00\x08dev/testSending message number0 \x00\x08de\xf3\xa0\x81\xb8v/testSending message number0 \x00\x08dev/testSending message number0 \x00v/testSending message numer\xe0\x00\x98'
2021-07-03 00:55:48.410711,b'\x10 \x00\x04MQTT\x04\xc2\x00<\x00\x00\x00\x08username\x00\x08password34028236692093846346337460743168211456 \x00\x08dev\xf3\xa0\x80\xac/tesuSending messagenumber0 \x00\x08dev/testSending message number0 \x00\x08dev/testSending message number20 \x00\x08dev/testSending message number0 \x00\x08dev/testSending message number-65535 \x00\x08dev/testSending message number0 \x00\x08dev/testSending message number0 \x00\x08deber0 \x00\x08dev/testSending message number0 \x00\x08dev/message number0 \x00\x08dev/testSending message number0 \x00\x08dev/test\xf3\xa0\x81\x93Sending message number0 \x00\x08dev/testSending message number6665930797887731 \x00\x08dev/testSending message number\xe0\x00\xee'
2021-07-03 00:55:48.549100,b'\x10 \x00\x04MQTT\x04\xc2\x00<\x00\x00\x00\x08username\x00\x08password9223372036854775809 \x00\x08dev/testSending message number0 \x00\x08dev/testSending message number0 \x00\x08dev/testS\xf3\xa0\x80\xabending mess\x841\x95\xcb\x913age number0 \x00\x08dev/testSending message number0 \x00\xc0\x88er0 \x00\x08dev/testSending message number127 \x00\x08dev/testSending message number0 \x00\x08dev/testSending message number0 \x00\x08\xf3\xa0\x81\x84dev/testSending message number0 \x00\x08dev/testSending message number0\x00\x08dev/testSending message number0 \x00\x08dev/testSending message number0 \xf0\x90\x80\x80\x00\x08dev/testS\xf3\xa0\x81\xa4ending message number0 \x00\x08dev/testSending message number\xe0'
2021-07-03 00:55:48.690571,b'\x10 \x00\x04MQTT\x04\xc2\x00<\x00\x00\x00\x08username\x00\x08password14339069887968642601242843331464\xc0\xb830555764791 \x00\x08dev/testSending m\xf3\xa0\x81\xa0essag messag message\xc0\xa0number0 \x00\x08dev/testSending message number0 \x00\x08dev/testSending message number0 \x00\x08dev/testSending message number1 \x00\x08\xf3\xa0\x80\xbddevtSe number0 \x00\x08dev/testSending message number4\xc0\xb9 \x00\xf3\xa0\x81\x91\x08dev/testSend\xf3\xa0\xf3\xa0\x80\xa1\x81\xaaiog message number0 \x00\x08dev/testSending message number0 \x00\x08dev/tes\xe2\x81\xa8tSending message number0 \x00\x08dev/testSending message number340282366920938463463374607431768211456\x00\x08de\xed\xaa\xadr0 \x00\x08dev/testSending message number0 \x00\x08dev/testSending message number-1 \xf3\xa0\x80\xb3\x00\x08dev\xf3\xa0\x80\xb9/\xf3\xa0\x80\xb2testS\nendi\xf3\xa0\x80\xb2testS\nendi\xf3\xa0\x80\xb2testS\nendi\xf3\xa0\x80\xb0ng mber\xe0\x00\xa4'
2021-07-03 00:55:48.828488,b'\x10 \x00\x04MQTT\x04\xc2\x00<\x00\x00\x00\x08username\x00\x08password0 \x00\x08dev/testSendin\xe2\x80\xadg messag\xca\xb8e number0 \x00\x08dev/testSending message number0 \x00\x08dev/testSending me\xe2\x81\xa6ssage number0 \x00\x08dev/testSending message number18446744073709551615 \x00\x08dev/tstSending message ng message\xc0\xa0ng message \xf0\x9d\x9f\x96number0 \x00\x08dev/testSending message number0 \x00\x08dev/testSending message number0 \xe2\x80\x8e\x00\x08ding messag number0 \x00\x08dev/testSending message number+/v-340282366920938463463374607431768211456-1 \x00\x08\x85testSessage number0 \x00\x08dev/testSending message number1 \x00\x08devtestSending mber0 \x00\x08dev/testSending message number18446744073709551617 \x00\x08dev/\xe2\x80\x88testSending message number\xe0\x00\xd3'
2021-07-03 00:55:48.968670,b'\x10 \x00\x04MQTT\x04\xc2\x00<\x00\x00\x00\x08username\x00\x08password1 \x00\xe2\x81\xa0\x08d\xf3\xa0\x80\xbdge number0 \x00\x08dev/testSending message number1 \x00\x08dev/testSending message number0 \x00\x08dev/testSending message number0 \x00\x08dev/estSending message number0 \x00\x08dev/testSending message number \x00+/v8\x08er0 \x00\x08dev/testSending message number0 \x00\x08destSendi0 \x00\x08dev/testSending message number0 \x00\x08devdev/tessage number0 \x00\x08dev/testSending message number170141183460469231731687303715884105728\xc0\xb118 \x00\x08dev\xf3\xa0\x80\xb2\xf3\xa0\x81\x90/testSending\x842\x953 m/testSending\x842\x953 message number0 \x00\x08dev/testSending message number\xe0\x00\xdc'
2021-07-03 00:55:49.097937,b'\x10 \x00\x04MQTT\x04\xc2\x00<\x00\x00\x00\x08username\x00\x08password\x0e\xfe\xff-257 \x00\x08dev/testSending message number0 \x00\x08dev/testSending message number0 \x00\x08dev/testSendinge number0 \x00\x08dev/testSending message number0 \x00\x08dev/testSendin\xe2\x80\x8eg message number0 \x00\x08dev/testSending message number-2 \x00\x08dev/tes\xf3\xa0\x81\x91tSending message number0 \x00\x08dev/testSending message number0 \x00\x08dev/testSending mesage number0 \x00\x08dev/testSending message number170141183\xf3\xa0\x80\xb9460469231731687303715884105728 \x00\x08dev/testSending message \xe2\x80\xaenumber0 \x00\x08dev/testSending message number\xc0\xb0 message number0 \x00\x08dev/testSending message number\xe0\xf3\xa0\x80\xa0\x00'
2021-07-03 00:55:49.224945,b'\x10 \x00\x04MQTT\x04\xc2\x00<\x00\x00\x00\x08username\x00\x08password-3 \x00\x08dev/te\xed\xaa\xadst\xe2\x80\xadTe\xf3\xa0\x81\xbfndin\xf3\xa0\x81\xbfndin\xf3\xa0\x81\x83g message number0 \x00\x08dev/testSending message number0 \x00\x08dev/testSending message number'
2021-07-03 00:55:49.244222,b'0 \x00\x08dev/testSending message number0 \x00\x08dev/testSending message number0 \x00\x08dev/testSending message number0 \x00\x08dev/testSending message number0 \x00\x08dev/testSending message number0 \x00\x08dev/testSending message number0 \x00\x08dev/testSending message number0 \x00\x08dev/testSending message number0 \x00\x08dev/testSending message number0 \x00\x08dev/testSending message number\xe0\xf3\xa0\x81\x00'
2021-07-03 00:55:49.384169,b'\x10 \x00\x04MQTT\x04\xc2\x00<\x00\x00\x00\x08username\x00\x08password0 \x00\x08dev/testSending mesag\xf3\xa0\x80\xb8e number0 \x00\x08dev/testSending message number0 \x00\x08dev/testSending message number0 \x00\x08dev/testSending message number0 \x00\x08dev/testSending message number0 \x00\x08dev/testSending message number0 \x00\x08dev/testSending message number0 \x00\x08dev/testSending message number0 \x00\x08dev/testSending message number0 \x00\x08dev/testSending message number0 \x00\x08dev/testSending message number0 \x00\x08dev/testSending message number0 \x00\x08dev/testSending message number0 \x00\x08dev/testSending message numb\xf3\xa0\x81\x8fer\xe0\x00{'
2021-07-03 00:55:49.557226,b'\x10 \x00\x04MQTT\x04\xc2\x00<\x00\x00\x00\x08username\x00\x08password1343007 \x00\x08\xf3\xa0\x81\xb1dev\xef\xb7\x90/testSending message num\xf3\xf4\x8f\xbf\xbe\xa0\x80\xb1ber0 \x00\x08dev/testSending message number0 \x00\x08dev/testSending message number32767 \x00\x08dev/testSending messaber0 \x00\x08dev/testSending message number0 \x00\x08dev/testestSending message number0 \x00\x08dev/testSending message number0 \x00\x08dev/testSending message numb message number0 \x00\x08dev/testSending message number es es es es es es es es es es es es es es es es es es es es es es es es es es es es es es es es es es es es es es es es es es es es es es es es es es es es es es es es es es es es es es es es es es es es es es es es es es es es es es es es es es es es es es es es es es es es es es es es es es es es es es es es es es es es es es es es es es es es es es es es es es es es es es es es es es es es es es es es es es es es es es es es es es es es es es es es es es es es es es es es es es es es es es es es es es es es es es es es es es es es es es es es es es es es es es es es es es es es es es es es es es es es es es es es es es es es es es es es es es es es es es es es es es es es es es es es es es es es es es es es es es es es es es es es es es es es es es es es es es es es es es es es es es es es es es es es es es es es es es es es es es es es es es es es es es es es es es es es es es es es es es es es es es es es es es es es es es es es es es es es es es es es es es es es es es es es es es es es es es es es es es es es es es es es es es es es es es es es es es es es es es es es es es es es es es es es es es es es es es es es es es es es es es es es es es es es es es es es es es es es es es es es es es es es es es es es es es es es es es es es es es es es es es es es es es es es es es es es es es es es es es es es es es es es es es es es es es es es es0 \x00\x08dev/testSending message number0 \x00\x08dev/testSending message number0 \x00\x08dev/testSending message number0 \x00\x08dev/testSending message number\xe0\x00\x93'
2021-07-03 00:55:49.663130,b'\x10 \x00\x04MQTT\x04\xc2\x00<\x00\x00\x00\x08username\x00\x08password0 \x00\x08dev/testSendiog message number0 \x00\x08dev/testSending message number0 \x00\x08dev/testSending message number0 \x00\x08dev/testSending message number0 \x00\x08dev/testSending message number0 \x00\x08dev/testSending message number0 \x00\x08de/testSendimber0 \x00\x08dev/testSending message number170141183460469231731687303715884105729 \x00\x08dv/estSe29 \x00\x08dv/estSending message n\xe0\xb9\x83umber0 \x00\x08dev/testSending message number0 \x00\x08dev/testSending message number0 \x00\x08dev/testSending message number0 \x00\x08dev/testSending message number0 \x00\x08dev/testSending message number\xe0\xf3\xa0\x81\xb2\xca\xb6\x00'
2021-07-03 00:55:49.791124,b'\x10 \x00\x04MQTT\x04\xc2\x00<\x00\x00\x00\x08username\x00\x08password340282366920938463463374607431768211457 \x00\x08dev/testSendi\xf3\xa0\x80\xb6ng message number0 \x00\x08dev/testSending message number-1 \x00\x08dev/testSending message number0 \x00\x08dev/testSending message number4294967296 \x00\x08dev/tessage number0 \x00\x08dev/testSending message number0 \x00er0 \x00\x08dev/testSending message number4294967296 4294967296 \x00mber0 \x00\x08dev/testSending message number65534 \x00\x08\xf3\xa0\x81\x91dev/testessag number0 \x00\x08dev/testSending message number0 \x00\x08de \x00\x08dev/te\xe1\xa0\x8estSending message number0 \x00\x08dev/testSending message number\xe2\x80\x81\x00'
2021-07-03 00:55:49.933201,b'\x10 \x00\x04MQTT\x04\xc2\x00<\x00\x00\x00\x08username\x00\x08password0 \xf0\x90\x80\x80\x00\x08dev/testSending message number0 \x00\x08dev/testSending message number0 \x00\x08dev/te\x00\xff\xffstSumber0 \x00\x08dev/testSending message number1 \x00\x08dev/testSending message number0 \x00\x08dev/testSending message number0 \x00\x08dev/testSending message\xe2\x81\xa0 num\xf3\xa0\x81\xaaber0 \x00\x08dev/testSending message number0 \x00\x08dev/testSending\xe2\x81\xa0 message number0 \x00\x08dev/testSending message number--2 \x00\x08dev/testSending\xc0\xa0mes\xed\xaa\xadsage numbe0 \x00\x08dev/testSending message number0 \x00\x08dev/testSending message number1\x00\x08dev\xf3\xa0\x81\xf3\xa0\x81\x89\x94\xe1\xa0\x8e/testS\xe2\x80\x88endi\xf3\xa0\x81\x9cng \xe0\xbf\xadm\xe2\x80\xaaessage number\xe0\x00\x03'
2021-07-03 00:55:50.076449,b'\x10 \x00\x04MQTT\x04\xc2\x00<\x00\x00\x00\x08username\x00\x08password65537 \x00\x08dev/test\xf3\xa0\x81\x81essage essage number0 \x00\x08dev/testSending message number0 \x00\x08dev/testSending message number0 \x00\x08dev/testSending message number65535e number0 \x00\x08dev/testSending message number0 \x00\x08dev/testSending message number0 \x00\x08dev/testSending message number0 \x00\x08dev/testSending message number0 \x00\x08dev/testSending message number0 \x00\x08dev/testSending message number0\xf3\xa0\x80\xaa \x00\x08dev/testSending message number0 \x00\x08dev/testSending message number18446744073709551616 \x00\x08dev/testSendi\xf3\xa0\x81\xabng message number\xe0\x00\xfc'
2021-07-03 00:55:50.213184,b'\x10 \x00\x04MQTT\x04\xc2\x00<\x00\x00\x00\x08username\x00\x08password0 \x00\x08dev/testSending m\xe2\x80\x82essage number0 \x00\x08dev/testSending message number0 \x00\x08dev/testSending message number0 \x00\x08dev/testSening message number0 \x00\x08dev/testSending message number1 \x00\x08dev/testSending message number0 \x00\x08dev/testSending message number0 \x00\x08der0 \x00\x08dev/testSending message number\xe2\x80\xae3276\xf3\xa0\x81\xbc9 \xf3\xa0\x80\xba\x80\xbanumbe\xca\xb2r0 \x00\x08dev/testSending message number0 \x00\x08dev/testSending message number0 \x00\x08dev/testSending message number0 \x00\x08dev/age number\xe0\x00\xea'
2021-07-03 00:55:50.352020,b'\x10 \x00\x04MQTT\x04\xc2\x00<\x00\x00\x00\x08username\x00\x08password340282366920938463463374607431768211455 \x00\x08dev/testSending message number0 \x00\x08dev/testSending message number170141183460469231731687303715884105727 \x00\x08dev/testSending message number0 \x00\x08dev/testSending message number0\xf3\xa0\x81\x89 \x00\x08dev/testSending message number0 \x00\x08dev/testSending message number340282366920938463463374607431768211455/testSendin\xe0\xbf\xadg +\xc0\xafv0mes\xf3\xa0\x81\xb4sage num\xe2\x80\x80ber0 \x00\x08dev/testSending message number0 \x00\x08dev/testSending message number0 \x00\x08dev/testSending message number340282366920938463463374607431768211456 \x00\x08dev/testSending message number0 \x00\x08dev/testSending message number1 \x00\x08d\xfb\xee(e\xfb\xee(\xffv/te\xfb\xee(\xffv/testSending message number0 \x00\x08dev/testSending message number\xe0'
2021-07-03 00:55:50.529668,b'\x10 \x00\x04MQTT\x04\xc2\x00<\x00\x00\x00\x08username\x00\x08password numer numer numer numer numer numer numer numer numer numer numer numer numer numer numer numer numer numer numer n0 \x00\x08dev/testSending message number0 \x00\x08dev/testSending message number0 \x00\x08dev/testSending message number0 \x00\x08dev/testSending message number0 \x00\x08dev/testSending message number0 \x00\x08dev/testSending message number0 \x00\x08dev/testSending message number0 \x00\x08dev/testSending message number0 \x00\x08dev/testSending message number0 \x00\x08dev/testSending message number0 \x00\x08dev/testSending message number0 \x00\x08dev/testSending message number0 \x00\x08dev/testSending message number\xe0\x00#'
2021-07-03 00:55:50.632358,b'\x10 \x00\x04MQTT\x04\xc2\x00<\x00\x00\x00\x08username\x00\x08password0 \x00\x08dev\xe3\x85\xa4/testSending message umber0 \x00\x08dev/testSending message number0 \x00\x08dev/testSending message number0 \x00\x08dev/testSending message number0 \x00\x08dev/testSending message number0 \x00\x08dev/testSending message nmber0 \x00\x08dev/testSending message number0 \x00\x08dev/testestSending message number0 \x00\x08dev/testSending message number0 \x00\x08dev/testSending me\xf3\xa0\x80\xa4ssage number0 \x00\x08dev/testSending message number--18446744073709551615 \x00\x08dev/testSending message number0 \x00\x08dev/testSending message number83958237776972217471337748693 \x00\x08dev/testSending message estSending message number\xe0\x00a'
2021-07-03 00:55:50.768820,b'\x10 \x00\x04MQTT\x04\xc2\x00<\x00\x00\x00\x08username\x00\x08password--170141183460469231731687303713736622088 \x00\x08dev/testSending m\xf3\xa0\x81\xb2essage numb\xef\xb7r0 \x00\x08dev/testSending message number0 \x00\x08dev/testSending message number0 \x00\x08dev/testSending message number0 \x00\x08dev/testSending message number0 \x00\x08dev/testSending message numb\xf3\xa0\x81\x82er0 \x00\x08dev/testSending message number\xc0\xb2223372036\xc0\xb854876179\xf3\xa0\x81\x8e5 numbe0 \x00\x08dev/testSending message number0 \x00\x08dev/testSending message number0 \x00\x08dev/testSending messagf number0 \x00\x08dev/testSending message number-429umbestS0 \x00\x08dev/testSending message number\xe0\xc2\xb8\xc0\x80'
2021-07-03 00:55:50.909341,b'\x10 \x00\x04MQTT\x04\xc2\x00<\x00\x00\x00\x08username\x00\x08password0 \x00\x08dev/testSending message nu\xf3\xa0\x81\xb9mber0 \x00\x08dev/testSending message number\xf3\xa0\x81\xb30 \x00\x08dev/testSending m\xf3\xa0\x80\x81essage number0 \x00\x08dev/testSending message number1 \x00\x08dev/testSending message number0 \x00\x08dev/testSending message number-2 \x00\x88dev/testSending message numb\xe2\x80\x80er0 \x00\x08dev/testSending message number0 \x00\x08dev/testSending message number \x00\x08dev/testSending metsage ng\xc0\xa0m\xf3\xa0\x81\xb7etsage number0 \x00\x08dev/testSending message number16744022 \x00\x08dev/testSending message message number0 \x00\x08dev/testSending message number1 \x00\x08dev/testSending messagge n\x00\x00\xff\xffumber\xe0\x00\xa1'
2021-07-03 00:55:51.052986,b'\x10 \x00\x04MQTT\x04\xc2\x00<\x00\x00\x00\x08username\x00\x08password256\xc0\xa0\x00\xe2\x80\x87\x08dev/teser0 \x00\x08dev/testSending message number0 \x00\x08dev/testSending message number0 \x00\x08dev/testSending message \xf3\xa0\x80\xadnumber0 \x00\x08dev/testSending message number-2046280922123 \x00\x08dev/testSen\xef\xa3\xbfding message number0 \x00\x08dev/testSending message number0 \x00\x08dev/testSending message number4371799387926\xc0\xa0\x00\x08dev/testSending message number0 \x00\x08dev/testSending message number0 \x00\x08dev/testSending message number0 \x00\x08dev/testSending\xf3\xa0\x81\xba mess\xf3\xa0\x81\xba messag\xf3\xa0\x80\xb4e number0 \x00\x08dev/testSending message number63228 \x00\x08dev/test\xf3\xa0\x81\xa8Sendin message number\xe0\x00p'
2021-07-03 00:55:51.164728,b'\x10 \x00\x04MQTT\x04\xc2\x00<\x00\x00\x00\x08username\x00\x08password'
2021-07-03 00:55:51.338204,b'\x10 \x00\x04MQTT\x04\xc2\x00<\x00\x00\x00\x08username\x00\x08password1 \x00\tdevtetSe\xf3\xa0\x81\x97ndng\xc0\xa0message nub\xf3\xa0\x81\x8der0 \x00\x08dev/testSending message number0 \x00\x08dev/testSending message number0 \x00\x08dev/testSending message number0 \x00\x08dev/testSending message number0 \x00\x08dev/testSending message number0 \x00\x08dev/testSending message number0 \x00\x08dev/testSending message number0 \x00\x08dev/testSending message number1 \x00dev/testSending message number0 \x00\x08dev/testSending message number0 \x00\x08dev/testSending message number0 \x00\x08dev/testSending message number\xe0\xc0\xf3\xa0\x81\xbc\x80'
2021-07-03 00:55:51.486567,b'\x10 \x00\x04MQTT\x04\xc2\x00<\x00\x00\x00\x08username\x00\x08password0 \x00\x08dev/testSending messa\xf3\xa0\x80\xb7ge number0 \x00\x08dev/testSending message number9223372036854775809 \x00\x08dev/testSending message number0 \x00\x08dev/testSending message number0 \x00\x08dev/testSending message numbr0 \x00\x08dev/testSending message number-6375524767599063686579692138037 \x00\x08dev\xf3\xa0\x80\xbf/testSending \xef\xa3\xbf\xc2\xa0message number0 \x00\x08dev/testSending message number0\xe2\xf3\xa0\x80\xb1\x80\x8f \x00\x08dev/testSending message number0 \x00\x08dev/testSending message number-18446744073709551619 \x00\x08dev/t\xf3\xa0\x80\xa1estTening message message number0 \x00\x08dev/testSending message number0 \x00\x08dev/testSending message number0 \x00\x08dev/testSending message number\xe0\x00\xf9'
2021-07-03 00:55:51.620156,b'\x10 \x00\x04MQTT\x04\xc2\x00<\x00\x00\x00\x08username\x00\x08password10275 \x00\x08dev/testSending message numestSending message number\xc0\xb0 \x00\x08dev/testSenber\xc0\xb0 \x00\x08dev/testSending message numng message number\xc0\xb0 \x00\x08dev/testSenber\xc0\xb0 \x00\x08dev/testSending message numestSending message number\xc0\xb0 \x00\x08dev/testSenber\xc0\xb0 \x00\x08dev/testSending message number0 \x00\x08dev/testSending message number0 \x00\x08dev/testSending message number0 \x00\x08dev/testSending message number0 \x00\x08dev/testSending message number0 \x00\x08dev/testSending message number0 \x00\x08dev/testSending message number0 \x00\x08dev/testSending message number0 \x00\x08dev/testSending message number0 \x00\x08dev/testSending message number0 \x00\x08de\xf3\xa0\x81\xb4v/testSen\xf0\x9d\x85\xa0ding message nu\xe2\x80\x82mber0 \x00\x08dev/testSending message number-484920204081 \x00\x08dev/tesS\xe1\xa0\x8eestS\xf3\xa0\x81\x95\xe1\xa0\x8eending message number\xe0\x00\xcf'
2021-07-03 00:55:51.758937,b'\x10 \x00\x04MQTT\x04\xc2\x00<\x00\x00\x00\x08username\x00\x08passwordsage number0 \x00\x08dev/testSending message number0 \x00\x08dev/testSending message number256 \x00\x08dev/testSessage number0 \x00\x08dev/testSending message number256 \x00\x08dev/testSessage number0 \x00\x08dev/testSending message number0 \x00\x08dev/testSending message number0 \x00\x08dev/testSending message number0 \x00\x08dev/testSending message number0 \x00\x08dev/\xe2\x80\x8atestSending message\xcd\x85 number0 \x00\x08dev/testSending message number-9 \x00\x08dev/testSending message number0 \x00\x08dev/testSending message number0 \x00\x08dev/testSending message num\xe2\x80\xacber0 \x00\x08dev/testSending message number\xe0\xe2\xe0\xb9\x80\x80\xac\xe0\xe2\x80\xac\x00'
2021-07-03 00:55:51.904272,b'\x10 \x00\x04MQTT\x04\xc2\x00<\x00\x00\x00\x08username\x00\x08password0 \x00\xf3\xa0\x81\x96\x08e\xe2\x80\x8av/test\xca\xb8Sending messsage number0 \x00\x08dev/testSending message number0 \x00\x08dev/testSending message number0 \x00\x08dev/testSending message number0 \x00\x08dev/testSending message number0 \x00\x08dev/testSending message number0 \x00\x08dev/testSending message number0 \x00\x08dev/testSending message number0 \x00\x08dev/testSending\xf3\xa0\x81\x84170141183460469231731687303715884105728\x953\xa1 message number0 \x00\x08dev/testSending message number0 \x00\x08dev/testSending message number0 \x00\x08dev/testSending message number0 \x00\x08dev/testSending message number1866010752658853408 \x00\x08dev\xf3\xa0\x81\xb4/testSenmessage number\xe0\x00\xfb'
2021-07-03 00:55:52.042271,b'\x10 \x00\x04MQTT\x04\xc2\x00<\x00\x00\x00\x08username\x00\x08password1 \x00\x08de\xf3\xa0\x80\xa2\xf3\xa0\x80\xa9v/testSending message\xc0\xa0\xca\xb2number0 \x00\x08dev/testSending message number-6315 \x00\x08dev/teng me numb\xe2\x81\xa8er0 \x00\x08dev/testSending message number0 \x00\x08devtestSending message number0 \x00\x08dev/testSending message number9223372036854775807 \x00\x08dev/testSending message number0 \x00\x08dev/testSending message number0\xc0\xa0\x00\x08dev/testSending message number0 \x00\x08dev/testSending message numbering mesage number0 \x00\x08dev/testSending message number-11230516 \xf3\xa0\x80\xa5\x00\x08dev/\xc2\xb7+/v9testendin mess\xf3\xa0\x80\xb4ar0 \x00\x08dev/testSending message number\xe0\x00\xdd'
2021-07-03 00:55:52.186087,b'\x10 \x00\x04MQTT\x04\xc2\x00<\x00\x00\x00\x08username\x00\x08password0 \x00\x08dev/testSeessage number0 \x00\x08dev/testSending message number0 \x00\x08dev/testSending message number0 \x00\x08dev/testSending message number0 \x00\x08dev/testSending message number0 \x00\x08dev/testSending message number835 \x00\x08en\xef\xacnumber0 \x00\x08dev/testSending message number0 \x00\x08dev/testSending message number0 \x00\x08dev/testSending message number1 \x00\x08dev/testS\xf3\xa0\x80\xa9end\xca\xb5ing message\xe2\x80\x88 numbe\xf4\xbf\xber0 \x00\x08dev/testSending message number0 \x00\x08dev/testSending message number257\xed\xaa\xad \x00\x08dev/tstSending\xc0\xa0message number\xe0\x00 '
2021-07-03 00:55:52.331838,b'\x10 \x00\x04MQTT\x04\xc2\x00<\x00\x00\x00\x08username\x00\x08password20 \x00\x08dev/testSending message number0 \x00\x08dev/testSending message number0 \x00\x08dev/testSending message number0 \x00\x08dev/testSending message number1 \x00\x08dev/testSending message number0 \x00\x08dev/testSending message number-3 \xe0\xbf\xad\x00\x08dev/testSending message number0 \x00\x08dev/testSending message number0 \x00\x08ding num\x841um\x841\x959\xc0\xb223um\x841\x959223372036854775812ber0 \x00\x08dev/testSending message number0 \x00\x08dev/testSending message number0 \x00\x08dev/testSending message number0 \x00\x08dev/testSending message number0 \x00\x08dev/testSending message number\xe0\xed\xba\xad\x00'
2021-07-03 00:55:52.472602,b'\x10 \x00\x04MQTT\x04\xc2\x00<\x00\x00\x00\x08username\x00\x08password0 \x00\x08dev/testSending message numer0 \x00\x08dev/testSending message number1g message number0 \x00\x08dev/testSending message number1 \x00\x08er0 \x00\x08dev/testSending message number0 \x00\x08de\tv/ge number0 \x00\x08dev/testSending message number0 \x00\x08dev/testSending message number0 \x00\x08dev/testSending message number0 \x00\x08dev/testSending message number1 \x00\x08d\xca\xb0ev/testSending\xc0\xa0messa\xf3\xa0\x81\xb8ge number0 \x00\x08dev/testSending message number\xe0\xf3\xad\x00'
2021-07-03 00:55:52.611047,b'\x10 \x00\x04MQTT\x04\xc2\x00<\x00\x00\x00\x08username\x00\x08password75883315860402523\xc0\xb67231308 \x00\x08dev/testSending message ng message number0 \x00\x08dev/testSending message number0 \x00\x08dev/testSending message number0 \x00\x08dev/testSending message number0 \x00\x08dev/testSending message number0 \x00\x08dev/testSending message number0 \x00\x08dev/testSending message number0 \x00\x08dev/testSending message number0 \x00\x08dev/testSending message number0 \x00\x08dev/testSending message number\xca\xb10 \x00\x08dev/testSendin\xf3\xa0\x81\x8dg message number0 \x00\x08dev/testSending message number0 \x01\x08dev/testSending message number\xe0\x00y'
2021-07-03 00:55:52.751129,b'\x10 \x00\x04MQTT\x04\xc2\x00<\x00\x00\x00\x08username\x00\x08password0 \x00\x08dev/testSendin message number0 \x00\x08dev/testSending message number18446744073709551615 \x00\x08dev/tetSending mesage number0 \x00\x08dev/testSending message number0 \x00\x08dev/tes\xe2\x80\x80tSending message number0 \x00\x08dev/testSending message number-3 \x00\x08dev/testSen\xf3\xa0\x80\xadding message number0 \x00\x08dev/testSending message number0 \x00\x08dev/testSending messag\xe0\xb9\x82e number0 \x00\x08dev/testSending message number0 \x00\x08dev/testSending testSending message number0 \x00\x08dev/testSending message number0 \x00\x08dev/testSending mesage numer0 \x00\x08dev/testSending message number\xe0\xf3\xa0\x81\x86\x00'
2021-07-03 00:55:52.892590,b'\x10 \x00\x04MQTT\x04\xc2\x00<\x00\x00\x00\x08username\x00\x08password0 \x00\x08dev/tessage number0 \x00\x08dev/testSending message number11 \xe2\x81\xa7\x00\x08dev/t\xe2\x80\xadestSding meber0 \x00\x08dev/testSending message number0 \x00\x08dev/testSending message number0 \x00\x08dev/testSending message number0 \x00\x08dev/testSending message number0 \x00\x08dev/testSending message number0 \x00\x08dev/testSending message number0 \x00\x08dev/testSending message number2147483647 \x00\x08dev/testSenumber0 \x00\x08dev/testSending message number0 \x00\x08d\xe2\x80\xaeev\xf3\xa0\x81\xb1/testSeding message number0 \x00\x08dev/testSending message number\xf3\xa0\x80\xf3\xa0\x81\x91\xb5\x00'
2021-07-03 00:55:53.042706,b'\x10 \x00\x04MQTT\x04\xc2\x00<\x00\x00\x00\x08username\x00\x08password0 \x00\x08dev/testSending message num\xf3\xa0\x80\x81ber0 \x00\x08dev/testSending message number0 \x00\x08dev/testSending message number1 \x00\x08dev/testSending number0 \x00\x08dev/testSending message number0 \x00\x08dev/testSending message number0 \x00\x08dev/testSending message number0 \x00\x08dev/testSending message number0 \x00\x08eing message number0 \x00\x08dev/testSending message number0 \x00\x08dev/testSending message number0 \x00\x08dev/testSending message number0 \x00\x08dev/testSending messag message number0 \x00\x08dev/testSending message number\xe0\x00\xc9'
2021-07-03 00:55:53.182810,b'\x10 \x00\x04MQTT\x04\xc2\x00<\x00\x00\x00\x08username\x00\x08password1 \x00\x08ev/te\xe2\x80\xaestSending me message number0 \x00\x08dev/testSending message number32766er0 \x00\x08dev/testSending message number0 \xf3\xa0\x80\xa4\x00\x08dev/testSending message number0 \x00\x08dev/testSending message number127 \x00\x08dev/te\xe1\x85\x9fstSending message number0 \x00\x08dev/testSending message number0 \xc0\x80\x08dev/te\xf3\xa0\x81\x9dstSending message number0 \x00\x08dev/testSending message number0\xca\xb2 \x00\x08dev/testSending message number0 \x00\x08dev/testSending message number0 \xc0\x80\x08dev/testSending messag\xef\xb7\x90e number0 \x00\x08dev/testSending message number\xfb\xee(\xff\xe0'
2021-07-03 00:55:53.319133,b'\x10 \x00\x04MQTT\x04\xc2\x00<\x00\x00\x00\x08username\x00\x08password1 \x00\x08dev/testSending message number0 \x00\x08dev/testSending message number-1 \x00\x08dev/testSending message number0 \x00\x08dev/testSending message number127 \xe2\x80\x84\x08d\xe1\xa0\x8eev/testSe1 \x00\x08ev/tes\xce\x90tending message number0 \x00\x08dev/testSending message number0 \x00\x08dev/testSending message number0 \x00\x08dev/testSending message number0 \x00\x08dev/testSe\xc2\xa0nding messageng message number0 \x00\x08dev/testSending message number0 \x00\x08devestSending message\xe2\x81\xa0 number0 \x00\x08dev/testSending message number0 \x00\x08dev/testSending message e number0 \x00\x08dev/testSending message number\xca\xef\xac\xac\xf3\xc5\xa0\x80\xa9\xb8\xe0'
2021-07-03 00:55:53.455916,b'\x10 \x00\x04MQTT\x04\xc2\x00<\x00\x00\x00\x08username\x00\x08password9223372036854775809 \x00\x08dev/testSending message number0 \x00\x08dev/testSending message number\xf3\xa0\x81\xb03 \x00\x08dev/testSenumber0 \x00\x08dev/testSending message number2147483648 \x00\x08dev/testSending message number0 \x00\x08dev/testSending message number-699179187 \x00\x08dev/testSending message number0 \x00\x08dev/testSending message number0 \x00\x08dev/te\xf3\xa0\x81\x98stSending message number0 \x00\x08dev/testSending message number\xe2\x80\x8c-268431736116008058941061304317381393854\xc0\xa0\xc0\x80\x08ber0 \x00\x08dev/testSending message number0 \x00\x08dev/testSending message number256 \x00\x08dev/testSending message number\xe0\x00\xdf'
2021-07-03 00:55:53.603222,b'\x10 \x00\x04MQTT\x04\xc2\x00<\x00\x00\x00\x08username\x00\x08password0 \x00\x08dev/testSending \xf3\xa0\x81\x8emessage number0 \x00\x08dev/testSending message number0 \x00\x08dev/testSending message number255 \x00\xe2\x80\x87\x08de\xfb\xee(v/t\xf3\xa0\x80\xb1estSending message numbs\xf3\xa0\x81\x9c\xe2\x80\xaeage number0 \x00\x08dev/testSending message number0 \x00\x08dev/testSending message number773765094837960 \x00\x08dev/testSending messa\xf3\xa0\x81\xa0ge number0 \x00\x08dev/testSending message number0 \x00\x08dev/testSending message number1 \x00\x08de/testSending essage \xf0\x9d\x85\xa0number0 \x00\x08dev/testSending message number0 \x00\x08dev/testSending message number170141183460469231731687303715454608432 \x00\x08ev/testending messag messag message\xc0\xa0number0 \x00\x08dev/testSending message number\xe0\x00\xd7'
2021-07-03 00:55:53.721471,b'\x10 \x00\x04MQTT\x04\xc2\x00<\x00\x00\x00\x08username\x00\x08password'
2021-07-03 00:55:53.885979,b'\x10 \x00\x04MQTT\x04\xc2\x00<\x00\x00\x00\x08username\x00\x08password0 \x00\x08dev/testSendin\xed\xaa\xadg message number0 \x00\x08dev/testSending message number-9223372032559775745\xe2\x80\xad \xe2\x80\x85\xf3\xa0\x81\xb6\x00\x08dev/testSendingmessage number0 \x00\x08dev/testSending message number0 \x00\x08dev/testSending message number0 \x00\x08dev/testSending message number0 \x00\x08dev/testSending message number0 \x00\x08dev/testSending message number0 \x00\x08dev/testSending message number0 \x00\x08dev/tes number0 \x00\x08dev/testSending message number0 \x00\x08dev/testSending mesage number0 \x00\x08dev/testSending message number32767 \x00\x08dev/testSending message number\xe0\x00%'
2021-07-03 00:55:54.025213,b'\x10 \x00\x04MQTT\x04\xc2\x00<\x00\x00\x00\x08username\x00\x08password0 \x00\x08dev/es\xe1\xbe\x82tSending me\xe2\x80\xaes\xef\xa3\xbfsage\xc0\xa0number0 \x00\x08dev/testSending message number0 \x00\x08dev/testSending message number0 \x00\x08dev/testSending message number4294967422 \x00\x08dev/testSending message number0 \x00\x08dev/testSending message number0 \xc0\x80\x08der0 \x00\x08dev/testSending message number0 \x00\x08dev/testSending me\xca\xb2+/v9ssage number0 \x00\x08dev/testSending message number1 \x00\x08dev/testSending messagending message number0 \x00\x08dev/testSending message number0 \x00\x08dev/testSending message number0 \x00\x08dev/testSending message number\x00\xe0'
2021-07-03 00:55:54.165356,b'\x10 \x00\x04MQTT\x04\xc2\x00<\x00\x00\x00\x08username\x00\x08password0 \x00\x08dev/testSending message +/v9number0 \x00\x08dev/testSending message number0 \x00\xef\xbb\xbf\x08dev\xc0\xaftestber0 \x00\x08dev/testSending message number0 \x00\x08dev/tess\xf3\xa0\x81\x94age number0 \x00\x08dev/testSending message number0 \x00\x08dev/\rtestSending message number0 \x00\x08dev/testSending message number0 \x00\x08dev/testSending messagestSending message number0 \x00\x08dev/testSending message number0 \x00\x08dev/testSending message numbeending message number0 \x00\x08dev/testSending message number0 \x00\x08dev/testSending messag\xfe\xffe number0 \x00\x08dev/testSending message number\xac\xf3\xa0\x81\x9a\xac\xef\x90\xe0\x00'
2021-07-03 00:55:54.307871,b'\x10 \x00\x04MQTT\x04\xc2\x00<\x00\x00\x00\x08username\x00\x08password127 \x00\x08dev/testSening message number0 \x00\x08dev/testSending message number0 \x00\x08dev/testSending message number0 \x00\x08dev/testSending message number0 \x00\x08dev/testSending message number0 \x00\x08dev/testSending message number0 \x00\x08dev/testSending message number0 \x00\x08dev/testSending message number0 \x00\x08dev/testSending message number0 \x00\x08dev/testSending message number0 \x00\x08dev/testSending message number0 \x00\x08dev/testSending message number0 \x00\x08dev/testSending message number3 \x00\x08dev/tSending message number\xe0\x00\xa8'
2021-07-03 00:55:54.446359,b'\x10 \x00\x04MQTT\x04\xc2\x00<\x00\x00\x00\x08username\x00\x08password0 \x00\x08dev/testSendstSending message number0 \x00\x08dev/testSending message number16569552613775 \x00\x08dev/testSestSending message number0 \x00\x08dev/testSending message number0 \x00\x08dev/testSending message nu\xf3\xa0\x81\xadmber0 \x00\x08dev/testSending message number0 \x00\x08dev/testTending message number0 \x00\x08dev/testSending message number\xc0\xb0 \xc0\x80\x08dev/testSending message number0 \x00\x08dev/testSending message number0 \xc0\x80\x08dev/testSending message number0 \x00\x08dev/testSending message number0 \x00\x08dev/testSending message \x00\x08dev/testSending \xe0\xbf\xadmessage number0 \x00\x08dev/testSending message number'
2021-07-03 00:55:54.574939,b'\x10 \x00\x04MQTT\x04\xc2\x00<\x00\x00\x00\x08username\x00\x08password1 \x00\x08dev/ber0 \x00\x08dev/testSending message number1 \x00\x08dev/testSending message number0 \x00\x08dev/testSending message number3\r40\xe2\x80\xad \x00\x08dev/test\xf3\xa0\x80\xb2Sending messnding message numer0 \x00\x08dev/testSending message number\xf3\xa0\x81\x8b922336854775\xf3\xa0\x81\xa8810\xa0\x80\xbdv/tes\xf3\xa0\x81\xbe\xf3\xa0\xf3\xa0\x80\xa6\xf3\xa0\x81\xbb\x81\x80age nu\xf3\xa0\x81\xa8mber0 \x00\x08dev/testSending message number0 \x00\x08dev/testSending message number0 \x00\x08dev/testSending message number0 \x00\x08dev/testSending message number0 \x00\x08dev/testSending message number0 \x00\x08dev/testSending message number0 \x00\x08dev/testSending message number\xe0'
2021-07-03 00:55:54.718202,b'\x10 \x00\x04MQTT\x04\xc2\x00<\x00\x00\x00\x08username\x00\x08password-18446744073709551617 \x00\x08dev/t\xe2\x80\xaeestSending me\xf0\x9d\x85\xa0ssage number0 \x00\x08dev/testSending message number0 \x00\x08dev/testS\xe3\x85\xa4ending message number0 \x00\x08dev/testSending message number-340282366920938463463374607432098493086 \x00\x08d-68848 \x00\x08dev/testSending message number0 \x00\x08dev/testSending message number0 \x00\x08dev/testSending message number\xf3\xa0num\xf3\xa0\x80\xbdber0 \x00\x08dev/testSending message number0 \x00\x08dev/testSending mesage number0 \x00\x08dev/testSending message number0 \x00\x08dev/testSendi\xf3\xa0\x80\xb4ngmessa\xf3\xa0\x81\x8eg\xf3\xa0\x80\xb4ng messa\xf3\xa0\x81\x8eg\xf3\xa0\x80\xb7e n\xef\xbc\x8fumber0 \x00\x08dev/testSending message number0 \x00\x08dev/testSending message number'
2021-07-03 00:55:54.861269,b'\x10 \x00\x04MQTT\x04\xc2\x00<\x00\x00\x00\x08username\x00\x08password---9223372036854808191 \x00\x08dev/test\xef\xb7\xbaSendi\xc3\x9fnmessage number0 \x00\x08dev/testSending message number0 \x00\x08dev/testSending message number0 \x00\x08dev/testSending message number65536 \x00\x08dev/testSending me\xf3\xa0\x81\x9cssage number0 \x00\x08dev/testSending message number0 \x00\x08dev/testSending message number0 \x00\x08dev/testSending message number0 \x00\x08dev/testSending message umber0 \x00\x08dev/testSending message number0 \x00\x08dev/testSending messag message number0 \x00\x08dev/testSending message number0 \x00\x08dev\xf3\xa0\x81\x91/testSending message number0 \x00\x08dev/testSending message number\xe0'
2021-07-03 00:55:55.000866,b'\x10 \x00\x04MQTT\x04\xc2\x00<\x00\x00\x00\x08username\x00\x08password0 \x00\x08dev/testending message \xf3\xa0\x81\xbfnu\xe2\x80\x8ember0 \x00\x08dev/testSending message number\x00\x08dev/testSendingsage number0 \x00\x08dev/testSending message number0 \x00\x08dev/testSending message \xc2\xb7number0 \x00\x08dev/testSending message number129 \x00\x08deding mber0 \x00\x08dev/testSending message number0 \x00\x08dv/testSending message number0 \x00\x08dev/testSending message number-174266 \x00\x08dew/etSending\xf3\xa0\x80\xb6agenmber0 \x00\x08dev/testSending message number0 \x00\x08dev/testSending message number0 \x00\x08dev/testSending message number\xe0\xc0\x80'
2021-07-03 00:55:55.142798,b'\x10 \x00\x04MQTT\x04\xc2\x00<\x00\x00\x00\x08username\x00\x08password-4551550 \xff\xff\x00\x00\x00\x08dev/testSending message number0 \x00\x08dev/testSending message number-1 \x00\x08dev/testSending message number0 \x00\x08dev/testSending message number0 \x00\x08dev/te\xe0\xb9\x82stSending message number0 \x00\x08dev/testSending message number23189952041199 \x00\x08dev/testSending message number0 \x00\x08dev/testSending message number1 \x00\x08dev/testSending message number0 \x00\x08dev/testSending message number2 \x00\xf3\xa0\x81\xaa\xf3\xa0\x81\x81\xf3\xa0\x81\x9c\x08\xe1\x85\x9fd\xf3\xa0\x81\x88ev/\rt n\xf3\xef\xbf\xbf\xa0\x80\xa0umber0 \x00\x08dev/testSending message number0 \x00\x08dev/testSending message number0 \x00\x08dev/testSending message number\xe0\x001'
2021-07-03 00:55:55.278147,b'\x10 \x00\x04MQTT\x04\xc2\x00<\x00\x00\x00\x08username\x00\x08password0 \x00\x08dev/testSending messae number0 \x00\x08dev/testSending message number0 \x00\x08dev/testSending message numer0 \x00\x08dev/testSending message number0 \x00\x08dev/tesuSending message number0 \x00\x08dev/testSending message number---340282366920938463463374607431768211456 \x00\x08dev/testSending message number0 \x00\x08dev/testSending message number0 \x00\x08dev/testSending message number1188515001724918575270810 \x00\x08dev/testSending message number0 \x00\x08dev/testSending message number0 \x00\x08dev\xf3\xa0\x80\xa5er0 \x00\x08dev/testSending message number255 \x00\x08dev/testSening message number\xe0\x00\x13'
2021-07-03 00:55:55.418927,b'\x10 \x00\x04MQTT\x04\xc2\x00<\x00\x00\x00\x08username\x00\x08password0\xf3\xa0\x81\xa3 \x00\x08dev/testSending message number0 \x00\x08dev/testSending message number0 \x00\x08dev/testSending message numbr0 \x00\x08dev/testSending message number0 \x00\x08dev/test\xe0\xb9\x81Sending \xe2\x80\xabmessage number0 \x00\x08dev/testSending message number1 \x00\x08dfv/testSending messag enumbg enumber0 \x00\x08dev/testSending message number127 \x00\x08dev/testSending message number0 \x00\x08dev/testSending message number0 \x00\x08dev/testSending message number-\xc0\xb26 \x00\x08dev/testS-26 \x00\x08dev/testSending message number0 \x00\x08dev/testSending message number0 \x00\x08dev/te\xf3\xa0\x81\xbbstSe num\xef\xa3\xbfber\xe0\x00\xf9'
2021-07-03 00:55:55.561118,b'\x10 \x00\x04MQTT\x04\xc2\x00<\x00\x00\x00\x08username\x00\x08password0 \x00\x08dev/testSening message number0 \x00\x08dev/testSending message number0 \x00\x08dev/testSending message number0 \x00\x08dev/testSending message number0 \x00\x08dev/testSending messa\xf3\xa0\x81\x8cge number0 \x00\x08dev/testSending message number340282366920938463463374607431768211456 \x00\x08dev/testSending message number0 \x00\x08dev/testSending message number0 \x00\x08dev/testSending message number0 \x00dev/testSend\xf3\xa0\x81\x8ding message number0 \x00\x08dev/testSending message number0\xe2\x80\xad \x00\x08dev/testSending mes\xca\xb4sage n\xf3\xa0\x80\xb7umb\x0cer0 \x00\x08dev/testSending message number0 \x00\x08dev/testSending message number\xf3\xa0\xa7\xcb\x90\xe0\x00'
2021-07-03 00:55:55.697860,b'\x10 \x00\x04MQTT\x04\xc2\x00<\x00\x00\x00\x08username\x00\x08passwordumber0 \x00\x08dev/testSending message number2147483647 \x00\xca\xb6\x08dev/testSending message number0 \x00\x08dev/testSending message number--6455179899014677990 \x00\x08de\xf3\xa0\x81\x98vtest\xf3\xa0\x81\x8aSending me numbf\xf3\xa0\x81\x8er--6455179899014677990 \x00\x08de\xf3\xa0\x81\x98v/test\xf3\xa0\x81\x8aSending me numbf\xf3\xa0\x81\x8er0 \x00\x08dev/testSending message number0 \x00\x08dev/testSending message number0 \x00\x08dev/testSending message number0 \x00\x08dev/testSending message number0 \x00\x08dev/testSending message number-9811412 \x00\x08dev/testS\xe2\x80\x83es\xf3\xa0\x81\xb5tSending\xe2\x80\x85 message number0 \x00\x08dev/testSending message number0 \x00\x08dev/testSending message number1 \x00\x08dev/testSending message number\xe0\x00\xcb'
2021-07-03 00:55:55.840026,b'\x10 \x00\x04MQTT\x04\xc2\x00<\x00\x00\x00\x08username\x00\x08password18446744073709551617 \x00\x08dev/testSending message number0 \x00\x08dev/testSending message number0 \x00\x08dev/tessage numb\xf0\x9e\x85\xa0er0 \x00\x08dev/testSending message number0 \x00\x08dev/testSending message number0 numbes0 \x00\x08dev/testSending message number98303 \x00\x08dev/\xe2\x80\xa9tstSendi\xf3\xa0\x81\x8dng messge number0 \x00\x08dev/testSending message number0 \x00\x08dev/testSending message number0 \x00\x08dev/testSending message number0 \x00\x08dev/testSending message number65537 \x00\x08dev/testSending message number0 \x00\x08dev/testSending message number\xe0\xef\xa3\xbf\xe2\x80\xb7\x84'
2021-07-03 00:55:55.987346,b'\x10 \x00\x04MQTT\x04\xc2\x00<\x00\x00\x00\x08username\x00\x08password2147483648\xc0\xb7 \x00\x08dev/testSending message number0 \x00\x08dev/testSending message number0 \x00\x08dev/testSending message number0 \x00\x08dev/testSending\xf3\xa0\x80\xb9 \xf3\xa0\x81\x91mestSending\xf3\xa0\x80\xb9 \xf3\xa0\x81\x91message number0 \x00\x08dev/testSending message number0 \x00\x08dev/testSending message number-457803583914829234\xc0\xa0\x00\x08dev/testSending message number0 \x00\x08dev/testSending message number256 \x00\x08dev/testSending essage number0 \x00\x08dev/testSending message number4940271602 \x00\x08dev/testSending m\xf3\xa0\x81\xb8essage number4940271602 \x00\x08dev/testSending m\xf3\xa0\x81\xb8essage number4940271602 \x00\x08dev/testSending m\xf3\xa0\x81\xb8essage number4940271602 \x00\x08dev/testSending m\xf3\xa0\x81\xb8essage number4940271602 \x00\x08dev/testSending m\xf3\xa0\x81\xb8essage number4940271602 \x00\x08dev/testSending m\xf3\xa0\x81\xb8essage number4940271602 \x00\x08dev/testSending m\xf3\xa0\x81\xb8essage number4940271602 \x00\x08dev/testSending m\xf3\xa0\x81\xb8essage number4940271602 \x00\x08dev/testSending m\xf3\xa0\x81\xb8essage number4940271602 \x00\x08dev/testSending m\xf3\xa0\x81\xb8essage number4940271602 \x00\x08dev/testSending m\xf3\xa0\x81\xb8essage number4940271602 \x00\x08dev/testSending m\xf3\xa0\x81\xb8essage number232005943537715 \x00\x08dev/testSending m\xf3\xa0\x81\xb8essage number4940271602 \x00\x08dev/testSending m\xf3\xa0\x81\xb8essage number4940271602 \x00\x08dev/testSending m\xf3\xa0\x81\xb8essage number4940271602 \x00\x08dev/testSending m\xf3\xa0\x81\xb8essage number4940271602 \x00\x08dev/testSending m\xf3\xa0\x81\xb8essage number-2208046477 \x00\x08dev/testSending m\xf3\xa0\x81\xb8essage number4940271602 \x00\x08dev/testSending m\xf3\xa0\x81\xb8essage number4940271602 \x00\x08dev/testSending m\xf3\xa0\x81\xb8essage number4940271602 \x00\x08dev/testSending m\xf3\xa0\x81\xb8essage number4940271602 \x00\x08dev/testSending m\xf3\xa0\x81\xb8essage number4940271602 \x00\x08dev/testSending m\xf3\xa0\x81\xb8essage number4940271602 \x00\x08dev/testSending m\xf3\xa0\x81\xb8essage number0 \x00\x08dev/testSending message number0 \x00\x08dev/testSending message number0 \x00\x08dev/testSending message number\xe0\x00.'
2021-07-03 00:55:56.116452,b'\x10 \x00\x04MQTT\x04\xc2\x00<\x00\x00\x00\x08username\x00\x08password0 \x00\x08dev/testSending message num\xef\xac\xacber0 \x00\x08dev/testSending message number0 \x00\x08dev/testSending message\xf3\xa0\x80\xb6number0 \x00\x08dev/testSending message number1 \x00\x08dev/testSending message nu\xf3\xa0\x80\xa7mb\xca\xb8er0 \x00\x08dev/testSending message numberstSending message numberstSending\xc0\xa0message number0 \x00\x08dev/testSending message number0 \x00\x08dev/testSendiog message n\xe2\x80\x81umber0 \x00\x08dev/testSending message number0 \x00\x08dev/testSe\xe2\x80\x87nding message number0 \x00\x08dev/testSending message number0 \x00\x08dev/uestSending m\xf3\xa0\x81\x90essage number0 \x00\x08dev/testSending message number\xe0\xcd\x85\x00'
2021-07-03 00:55:56.256303,b'\x10 \x00\x04MQTT\x04\xc2\x00<\x00\x00\x00\x08username\x00\x08password0 \x00\x08devnes/etStding message number0 \x00\x08dev/testSending message number\xc0\xb0 \x00\x08dev/testSending message number0 \x00\x08dev/testSending message number-706316717663983079132595 \x00\x08\xed\xaa\xaddev/testSending m67296 \x00\x08\xed\xaa\xaddev/testSending m67296 \x00\x08\xed\xaa\xaddev/testSending message num\xe0\xb9\x83ber0 \x00\x08dev/testSending message number0 \x00\x08dev/testSending message number2147483649 \x00\x08dev/testSending message number0 \x00\x08dev/testSending message number252 \x00\x08dev/testSending m\xf3\xa0\x81\xb4essage number0 \x00\x08dev/testSending message number0 \x00dev/testSending message number0 \x00\x08dev/testSending message number0 \x00\x08\xf3\xa0\x81\x98dev/tes\xf3\xa0\x81\x82tSending message number\xe0\x00\xb0'
2021-07-03 00:55:56.394535,b'\x10 \x00\x04MQTT\x04\xc2\x00<\x00\x00\x00\x08username\x00\x08password25vd6 e\x08/\x00testSe\xf3\xa0\x81\xbfn\xf3\xa0\x81\xbdding messa\xf3\xa0\x81\xb1g\xc0\xa0numbe\xe2\x80\x8dr0 \x00\x08dev/testSending message number0 \x00\x08dev/testSending message number0 \x00\x08dev/testSending message number0\xc0\xa0\x00\x08dev/testSending message number0 \x00\x08dev/testSending message number0 \x00\x08dev/testSending message num\xe0\xb9\x83ber0 \x00\x08dev/testSending message number1 \x00\x08dev/\xf3\xa0\x81\x96tes\xf3\xa0\x81\x85tSendiSending \x96tes\xf3\xa0\x81\x85tSendiSending message number0 \x00\x08dev/testSending message number-6905702757737 \x00\x08dev/testSending message number0 \x00\x08dev/testSending message number0 \x00\x08dev/testSending mess\xf3\xa0\x80\xbcage number0 \x00\x08dev/testSending message number\xe0\xf3\xa0\x81\xf3\xa0\x81\xad\x82\x00'
2021-07-03 00:55:56.549965,b'\x10 \x00\x04MQTT\x04\xc2\x00<\x00\x00\x00\x08username\x00\x08password0 \x00\x08dev/testSending message number0 \x00\x08dev/testSending message number0 \x00\x08dev/testSending message number0 \x00\x08dev/testSending message number0 \x00\x08dev/testSending message number0 \x00\x08dev/testSending message number0 \x00\x08dev/testSending message number0 \x00\x08dev/testSending message nmber1 \x00\x08dev/testSending message number0 \x00\x08dev/testSending message number0 \x00\x08dev/testSending message number0 \x00\x08dev/testSending message number0 \x00\x08dev/testSending message number0 \x00\x08dev/testSending message number0 \x00\x08dev/testSending message number0 \x00\x08dev/testSending message number\xe0\x00.'
2021-07-03 00:55:56.674760,b'\x10 \x00\x04MQTT\x04\xc2\x00<\x00\x00\x00\x08username\x00\x08password\xef\xbc\xbes0 \x00\x08dev/testSending message number0 \x00\x08dev/testSending message number0 \x00\x08dev/testSending message number0 \x00\x08dev/testSending message number0 \x00\x08dev/testSending message number0 \x00\x08dev/testSending message number0 \x00\x08dev/testSending message number0 \x00\x08dev/testSending message number0 \x00\x08dev/testSending message number0 \x00\x08dev/testSending message number0 \x00\x08dev/testSending message number0 \x00sag\xe2\x80\x8ee number0 \x00\x08dev/testSending message number\xe0\xc0\x80'
2021-07-03 00:55:56.810008,b'\x10 \x00\x04MQTT\x04\xc2\x00<\x00\x00\x00\x08username\x00\x08password-170141183460469231\xf3\xa0\x81\xae73168730371588410572 \x00\x08dev/testSending message number0 \x00\x08dev/testSending message number18446744073709551615 \x00\x08dev/testSending message number0 \x00\x08dev/testSending message number2 \xf3\xa0\x81\xa6\x00\x00\xf3\xa0\x81\x8f\x08\xa6\x00\x00\x81\x91er0 \x00\x08dev/testSending message number0 \x00\x08dev/testSending message number0 \x00\x08dev/testSending message number0 \x00\x08dev/testSending message number0 \x00\x08dev/testSending message number0 \x00\x08dev/testSending message number0 \x00\x08dev/testSending\xcb\x90 mess+/v/age number0 \x00\x08dev/testSending message number0 \x00\x08dev/testS\xf3\xa0\x81\xbeending message numb\ner\xe0\x00$'
2021-07-03 00:55:56.953182,b'\x10 \x00\x04MQTT\x04\xc2\x00<\x00\x00\x00\x08username\x00\x08password0 \x00\x08de\xf3\xa0\x81\xb3v/testS\xef\xbd\xb0ending message number0 \x00\x08dev/testSending message number0 \x00\x08dev/testSending message number0 \x00\x08dev/testSending message number0 \x00\x08dev/testSending message number0 \x00\x08dev/testSending message number0 \x00\x08dev/testSending message number0 \x00\x08dev/testSending message number0 \x00\x08dev/testSending message number0 \x00\x08dev/testSending message number0 \x00\x08dev/testSending message number0 \x00\xce\x90\x08dev/testSend\xcd\x85ing message numb\xf3\xa0\x81\xb0er0 \x00\x08dev/testSending message number0 \x00\xf3\xa0\x80\xa7\x08dev/testSending message number\xe0\x00\xfb'
2021-07-03 00:55:57.092714,b'\x10 \x00\x04MQTT\x04\xc2\x00<\x00\x00\x00\x08username\x00\x08password\xc0\xb0er0 \x00\x08dev/testSending message number1 \x00\x08dev/testSending message number0 \x00\x08dev/testSending message number0\xf3\xa0\x80\xb8 \x00\x08dev/testSending message number0 \x00\x08dev/testSending message number0 \x00\x08dev/testSending message number0 \x00\x08dev/testSending message number0 \xf3\xa0\x81\x88\x00\x08dev/testS\x00\x00\xff\xffending message oumber0 \x00\x08dev/testSending message number0 \x00\x08dev/testSeneing \xf3\xa0\x81\x87message number0 \x00\x08dev/testSending message number2 \x00\x08d\xf3ssag\xf3\xf3\xa0\x81\xbf\xa0\x80\xa1e nuer0 \x00\x08dev/testSending message number\xe0\x00\n'
2021-07-03 00:55:57.233435,b'\x10 \x00\x04MQTT\x04\xc2\x00<\x00\x00\x00\x08username\x00\x08password-1 \x00\x08dev/testSending message number0 \x00\x08dev/testSending message number-1dis\xef\xe2\x80\xad\xbb\xbeage number0 \x00\x08dev/testSending message number32essage n\xf0\x9f\x92\xa9umbe32essage n\xf0\x9f\x92\xa9umber0 \x00\x08dev/testSending message number0 \x00\x08dev/testSending message number0 \x00\x08dev/testSending message number0 \x00\x08dev/testSending message number1 \x00\x08d/vetesnumber0 \x00\x08dev/testSending message number104428214130583214 \xe2\x80\x80\x00\x08dev/testSending message number0 \x00\x08dev/testSending message number-5603903 \x00\x08dev/testSending message numb-0 \x00\x08dev/testSending message number\xe0\x00\x99'
2021-07-03 00:55:57.359986,b'\x10 \x00\x04MQTT\x04\xc2\x00<\x00\x00\x00\x08username\x00\x08password-1 \x00\x08dev/testSending message number0 \x00\x08dev/testSending message number9223372036854775808 \x00\x08dev/testSendng\xf3\xa0\x81\xb4message number0 \x00\x08dev/testSending message number0 \x00\x08dev/testSending me\xf3\xa0\x81\xa8ssage number0 \x00\x08dev/testSending message number4294967295age number0 \x00\x08dev/testSending message number'
2021-07-03 00:55:57.371931,b'0 \x00\x08dev/testSending message number0 \x00\x08dev/testSendinmessage number0 \x00\x08dev/testSending message number0 \x00\xf3\xa0\x80\xac\x08dege+/v/ number0 \x00\x08dev/testSending message number\xf3\xa0\x86\xf3\xa0\x81\x86\xf3\xa0\xef\xb7\xba\x81\xb9\xe0\xc0\x80'
2021-07-03 00:55:57.514046,b'\x10 \x00\x04MQTT\x04\xc2\x00<\x00\x00\x00\x08username\x00\x08password340282366920938463463374607431768211456 \x00\x08dev/testSending message number0 \x00\x08dev/testSending message number0 \x00\x08dev\xc0\xaftestSending message number0 \x00\x08dev/testSending message number3 2 \x00\x08devumbr0 \x00\x08dev/testSending message number0 \x00\x08dev/testSending message number0 \x00\x08dev/testSening messge number0 \x00\x08dev/testSending message number340282366920938463463374607431768211455 \x00\x08dev/testSending message numbr0 \x00\x08dev/testSending message number1 \x00\x08dev/tes\xf3\xf3\xa0\x80\xb8\xa0\x80\xa3tSending message number0 \x00\x08dev/testSending message number\xe0\x00\xd0'
2021-07-03 00:55:57.645196,b'\x10 \x00\x04MQTT\x04\xc2\x00<\x00\x00\x00\x08username\x00\x08password3402\xf3\xa0\x80\xa9170141183460469231731687303715884105729 \x00\x08dev/testSending message number0 \x00\x08dev/testSending message number'
2021-07-03 00:55:57.653524,b'0 \x00\x08dev/testSending message number0 \x00\x08dev/testSending message number0 \x00\x08dev/testSending message number0 \x00\x08dev/testSending message number0 \x00\x08dev/testSending message number0 \x00\x08dev/testSending message number0 \x00\x08dev/testSending message number0 \x00\x08dev/testSending message number-85\xc0\xb0 \x00\x08d\xf3\xa0\x81\x91ev/testSending messag\xddsfsge number0 \x00\x08dev/testSending message number\xf3\xa0\x81\xac4294967296 \x00\x08dev/testSending message number\xe0\x00'
2021-07-03 00:55:57.791571,b'\x10 \x00\x04MQTT\x04\xc2\x00<\x00\x00\x00\x08username\x00\x08password1 \x00\x08dev/\xe2\x80\x8atestestSendig me\xca\xb3ssag\xcd\x85e n\xe2\x81\xf3\xa0\x81\x97\xa7umber0 \x00\x08dev/testSending message number0 \x00\x08dev/testSending message number0 \x00\x08dev/testSending messahe number0 \x00\x08dev/testSending message number0 \x00\x08dev/testSending mess\xf3\xa0\x80\xaeage number0 \x00\x08dev/testSending message number0 \x08dev\xc0\xaftestSending messa\xf3\xa0\x81\x9fge numbe\xe2\x80\xabr0 \x00\x08dev/testSending message number-1 \x00\x08dev/testSending message number0 \x00\x08dev/testSending message number0 \x00\x08dev/testSending m\xf3\xa0\x81\x99essage number0 \x00\x08dev/testSending message number0 \x00\x08dev/testSending message number\xf3\xa0\x81\x8b\x00'
2021-07-03 00:55:57.955068,b'\x10 \x00\x04MQTT\x04\xc2\x00<\x00\x00\x00\x08username\x00\x08password0 \x00\x08dev/tessage number0 \x00\x08dev/testSending message number0 \x00\x08dev/testSending message num\xf3\xa0\x81\x99ber0 \x00\x08dev/testSending message number0 \x00\x08dev/testSend\xf3\xa0\x81\xbcing message number0 \x00\x08dev/testSending message number9223372036854775808 \xf3\xa0\x81\x9a\x00\x08dev/tesage umber0 \x00\x08dev/testSending message number-1 \x00\x08dev/testSending message number0 \x00\x08dev/testSending message number0 \x00\x08dev/testSending messa\xe2\x80\xadge number0 \x00\x08dev/testSending message number2147483647 \x00\x08dev/testSending message number2147483647 \x00\x08dev/testSending message number2147483647 \x00\x08dev/testSending message number2147483647 \x00\x08dev/testSending message number2147483647 \x00\x08dev/testSending message number2147483647 \x00\x08dev/testSending message number2147483647 \x00\x08dev/testSending message number2147483647 \x00\x08dev/testSending message number2147483647 \x00\x08dev/testSending message number2147483647 \x00\x08dev/testSending message number2147483647 \x00\x08dev/testSending message number2147483647 \x00\x08dev/testSending message number2147483647 \x00\x08dev/testSending message number2147483647 \x00\x08dev/testSending message number2147483647 \x00\x08dev/testSending message number2147483647 \x00\x08dev/testSending message number2147483647 \x00\x08dev/testSending message number2147483647 \x00\x08dev/testSending message number2147483647 \x00\x08dev/testSending message number2147483647 \x00\x08dev/testSending message number2147483647 \x00\x08dev/testSending message number2147483647 \x00\x08dev/testSending message number2147483647 \x00\x08dev/testSending message number2147483647 \x00\x08dev/testSending message number2147483647 \x00\x08dev/testSending message number2147483647 \x00\x08dev/testSending message number2147483647 \x00\x08dev/testSending message number2147483647 \x00\x08dev/testSending message number2147483647 \x00\x08dev/testSending message number2147483647 \x00\x08dev/testSending message number2147483647 \x00\x08dev/testSending message number2147483647 \x00\x08dev/testSending message number2147483647 \x00\x08dev/testSending message number2147483647 \x00\x08dev/testSending message number2147483647 \x00\x08dev/testSending message number2147483647 \x00\x08dev/testSending message number1 \x00\x08dev/testSending message number2147483647 \x00\x08dev/testSending message number2147483647 \x00\x08dev/testSending message number2147483647 \x00\x08dev/testSending message number2147483647 \x00\x08dev/testSending message number2147483647 \x00\x08dev/testSending message number2147483647 \x00\x08dev/testSending message number2147483647 \x00\x08dev/testSending message number2147483647 \x00\x08dev/testSending message number2147483647 \x00\x08dev/testSending message number2147483647 \x00\x08dev/testSending message number2147483647 \x00\x08dev/testSending message number2147483647 \x00\x08dev/testSending message number2147483647 \x00\x08dev/testSending message number2147483647 \x00\x08dev/testSending message number2147483647 \x00\x08dev/testSending message number2147483647 \x00\x08dev/testSending message number2147483647 \x00\x08dev/testSending message number2147483647 \x00\x08dev/testSending message number2147483647 \x00\x08dev/testSending message number2147483647 \x00\x08dev/testSending message number2147483647 \x00\x08dev/testSending message number2147483647 \x00\x08dev/testSending message number2147483647 \x00\x08dev/testSending message number2147483647 \x00\x08dev/testSending message number2147483647 \x00\x08dev/testSending message number2147483647 \x00\x08dev/testSending message number2147483647 \x00\x08dev/testSending message number2147483647 \x00\x08dev/testSending message number2147483647 \x00\x08dev/testSending message number2147483647 \x00\x08dev/testSending message number2147483647 \x00\x08dev/testSending message number2147483647 \x00\x08dev/testSending message number2147483647 \x00\x08dev/testSending message number2147483647 \x00\x08dev/testSending message number2147483647 \x00\x08dev/testSending message number2147483647 \x00\x08dev/testSending message number2147483647 \x00\x08dev/testSending message number2147483647 \x00\x08dev/testSending message number2147483647 \x00\x08dev/testSending message number2147483647 \x00\x08dev/testSending message number2147483647 \x00\x08dev/testSending message number2147483647 \x00\x08dev/testSending message number2147483647 \x00\x08dev/testSending message number2147483647 \x00\x08dev/testSending message number2147483647 \x00\x08dev/testSending message number2147483647 \x00\x08dev/testSending message number2147483647 \x00\x08dev/testSending message number2147483647 \x00\x08dev/testSending message number2147483647 \x00\x08dev/testSending message number2147483647 \x00\x08dev/testSending message number2147483647 \x00\x08dev/testSending message number2147483647 \x00\x08dev/testSending message number2147483647 \x00\x08dev/testSending message number2147483647 \x00\x08dev/testSending message number2147483647 \x00\x08dev/testSending message number2147483647 \x00\x08dev/testSending message number2147483647 \x00\x08dev/testSending message number2147483647 \x00\x08dev/testSending message number2147483647 \x00\x08dev/testSending message number2147483647 0 \x00\x08dev/testSending message number\xe0\x00W'
