2021-07-10 18:50:18.468566,b'\x10 \x00\x04MQTT\x04\xc2\x00<\x00\x00\x00\x08username\x00\x08password\xa2\x0c\x00\x01\x00\x08dev/test\xe0\x00'
2021-07-10 18:50:18.468812,b'\x10 \x00\x04MQTT\x04\xc2\x00<\x00\x00\x00\x08username\x00\x08password\xa2\x0c\x00\x01\x01Hdev/test\xe0\x00'
2021-07-10 18:50:18.578304,b'\x10 \x00\x04MQTT\x04\xc2\x00<\x00\x00\x00\x08username\x00\x08password\xa2\x0c\x00\x02\x00\x08dev/test'
2021-07-10 18:50:18.578423,b'\x10 \x00\x04MQTT\x04\xc2\x00<\x00\x00\x00\x08username\x00\x08password\xa2\x0c\x00\x02\x01/dev/test'
2021-07-10 18:50:18.630788,b'\xe0\x00'
2021-07-10 18:50:18.630883,b''
2021-07-10 18:50:18.691453,b'\x10 \x00\x04MQTT\x04\xc2\x00<\x00\x00\x00\x08username\x00\x08password\xa2\x0c\x00\x03\x00\x08dev/test'
2021-07-10 18:50:18.691554,b'\x10 \x00\x04MQTT\x04\xc2\x00<\x00\x00\x00\x08username\x00\x08password\xa2\x0c\x00\x03\x00\x82dev/test'
2021-07-10 18:50:18.693893,b'\xe0\x00'
2021-07-10 18:50:18.693958,b''
2021-07-10 18:50:18.806511,b'\x10 \x00\x04MQTT\x04\xc2\x00<\x00\x00\x00\x08username\x00\x08password\xa2\x0c\x00\x04\x00\x08dev/test\xe0\x00'
2021-07-10 18:50:18.806664,b'\x10 \x00\x04MQTT\x04\xc2\x00<\x00\x00\x00\x08username\x00\x08password\xa2\x0c\x00\x04\x00=dev/test\xe0\x00'
2021-07-10 18:50:18.917962,b'\x10 \x00\x04MQTT\x04\xc2\x00<\x00\x00\x00\x08username\x00\x08password\xa2\x0c\x00\x05\x00\x08dev/test'
2021-07-10 18:50:18.918058,b'\x10 \x00\x04MQTT\x04\xc2\x00<\x00\x00\x00\x08username\x00\x08password\xa2\x0c\x00\x05\x00\x90dev/test'
2021-07-10 18:50:18.919060,b'\xe0\x00'
2021-07-10 18:50:18.919119,b''
2021-07-10 18:50:19.031103,b'\x10 \x00\x04MQTT\x04\xc2\x00<\x00\x00\x00\x08username\x00\x08password\xa2\x0c\x00\x06\x00\x08dev/test'
2021-07-10 18:50:19.031198,b'\x10 \x00\x04MQTT\x04\xc2\x00<\x00\x00\x00\x08username\x00\x08password\xa2\x0c\x00\x06\x00\x9fdev/test'
2021-07-10 18:50:19.034102,b'\xe0\x00'
2021-07-10 18:50:19.034167,b''
2021-07-10 18:50:19.146717,b'\x10 \x00\x04MQTT\x04\xc2\x00<\x00\x00\x00\x08username\x00\x08password\xa2\x0c\x00\x07\x00\x08dev/test\xe0\x00'
2021-07-10 18:50:19.146810,b'\x10 \x00\x04MQTT\x04\xc2\x00<\x00\x00\x00\x08username\x00\x08password\xa2\x0c\x00\x07\x00\x1cdev/test\xe0\x00'
2021-07-10 18:50:19.258561,b'\x10 \x00\x04MQTT\x04\xc2\x00<\x00\x00\x00\x08username\x00\x08password\xa2\x0c\x00\x08\x00\x08dev/test'
2021-07-10 18:50:19.258668,b'\x10 \x00\x04MQTT\x04\xc2\x00<\x00\x00\x00\x08username\x00\x08password\xa2\x0c\x00\x08\x00\xf1dev/test'
2021-07-10 18:50:19.259567,b'\xe0\x00'
2021-07-10 18:50:19.259624,b''
2021-07-10 18:50:19.371965,b'\x10 \x00\x04MQTT\x04\xc2\x00<\x00\x00\x00\x08username\x00\x08password\xa2\x0c\x00\t\x00\x08dev/test'
2021-07-10 18:50:19.372057,b'\x10 \x00\x04MQTT\x04\xc2\x00<\x00\x00\x00\x08username\x00\x08password\xa2\x0c\x00\t\x00\x16dev/test'
2021-07-10 18:50:19.373962,b'\xe0\x00'
2021-07-10 18:50:19.374021,b''
2021-07-10 18:50:19.484972,b'\x10 \x00\x04MQTT\x04\xc2\x00<\x00\x00\x00\x08username\x00\x08password\xa2\x0c\x00\n\x00\x08dev/test'
2021-07-10 18:50:19.485068,b'\x10 \x00\x04MQTT\x04\xc2\x00<\x00\x00\x00\x08username\x00\x08password\xa2\x0c\x00\n\x00\x8edev/test'
2021-07-10 18:50:19.487412,b'\xe0\x00'
2021-07-10 18:50:19.487476,b''
2021-07-10 18:50:19.598177,b'\x10 \x00\x04MQTT\x04\xc2\x00<\x00\x00\x00\x08username\x00\x08password\xa2\x0c\x00\x0b\x00\x08dev/test'
2021-07-10 18:50:19.598275,b'\x10 \x00\x04MQTT\x04\xc2\x00<\x00\x00\x00\x08username\x00\x08password\xa2\x0c\x00\x0b\x01+dev/test'
2021-07-10 18:50:19.599300,b'\xe0\x00'
2021-07-10 18:50:19.599352,b''
2021-07-10 18:50:19.711492,b'\x10 \x00\x04MQTT\x04\xc2\x00<\x00\x00\x00\x08username\x00\x08password\xa2\x0c\x00\x0c\x00\x08dev/test'
2021-07-10 18:50:19.711605,b'\x10 \x00\x04MQTT\x04\xc2\x00<\x00\x00\x00\x08username\x00\x08password\xa2\x0c\x00\x0c\x01+dev/test'
2021-07-10 18:50:19.712786,b'\xe0\x00'
2021-07-10 18:50:19.712845,b''
2021-07-10 18:50:19.824888,b'\x10 \x00\x04MQTT\x04\xc2\x00<\x00\x00\x00\x08username\x00\x08password\xa2\x0c\x00\r\x00\x08dev/test\xe0\x00'
2021-07-10 18:50:19.824985,b'\x10 \x00\x04MQTT\x04\xc2\x00<\x00\x00\x00\x08username\x00\x08password\xa2\x0c\x00\r\x00sdev/test\xe0\x00'
2021-07-10 18:50:19.938034,b'\x10 \x00\x04MQTT\x04\xc2\x00<\x00\x00\x00\x08username\x00\x08password\xa2\x0c\x00\x0e\x00\x08dev/test'
2021-07-10 18:50:19.938162,b'\x10 \x00\x04MQTT\x04\xc2\x00<\x00\x00\x00\x08username\x00\x08password\xa2\x0c\x00\x0e\x00\x02dev/test'
2021-07-10 18:50:19.951725,b'\xe0\x00'
2021-07-10 18:50:19.951807,b''
2021-07-10 18:50:20.058138,b'\x10 \x00\x04MQTT\x04\xc2\x00<\x00\x00\x00\x08username\x00\x08password\xa2\x0c\x00\x0f\x00\x08dev/test\xe0\x00'
2021-07-10 18:50:20.058232,b'\x10 \x00\x04MQTT\x04\xc2\x00<\x00\x00\x00\x08username\x00\x08password\xa2\x0c\x00\x0f\x00\xfbdev/test\xe0\x00'
2021-07-10 18:50:20.165483,b'\x10 \x00\x04MQTT\x04\xc2\x00<\x00\x00\x00\x08username\x00\x08password\xa2\x0c\x00\x10\x00\x08dev/test\xe0\x00'
2021-07-10 18:50:20.165640,b'\x10 \x00\x04MQTT\x04\xc2\x00<\x00\x00\x00\x08username\x00\x08password\xa2\x0c\x00\x10\x00Qdev/test\xe0\x00'
2021-07-10 18:50:20.278954,b'\x10 \x00\x04MQTT\x04\xc2\x00<\x00\x00\x00\x08username\x00\x08password\xa2\x0c\x00\x11\x00\x08dev/test\xe0\x00'
2021-07-10 18:50:20.279067,b'\x10 \x00\x04MQTT\x04\xc2\x00<\x00\x00\x00\x08username\x00\x08password\xa2\x0c\x00\x11\x01qdev/test\xe0\x00'
2021-07-10 18:50:20.393005,b'\x10 \x00\x04MQTT\x04\xc2\x00<\x00\x00\x00\x08username\x00\x08password\xa2\x0c\x00\x12\x00\x08dev/test'
2021-07-10 18:50:20.393106,b'\x10 \x00\x04MQTT\x04\xc2\x00<\x00\x00\x00\x08username\x00\x08password\xa2\x0c\x00\x12\x01mdev/test'
2021-07-10 18:50:20.395333,b'\xe0\x00'
2021-07-10 18:50:20.395399,b''
2021-07-10 18:50:20.506846,b'\x10 \x00\x04MQTT\x04\xc2\x00<\x00\x00\x00\x08username\x00\x08password\xa2\x0c\x00\x13\x00\x08dev/test'
2021-07-10 18:50:20.506953,b'\x10 \x00\x04MQTT\x04\xc2\x00<\x00\x00\x00\x08username\x00\x08password\xa2\x0c\x00\x13\x01idev/test'
2021-07-10 18:50:20.508169,b'\xe0\x00'
2021-07-10 18:50:20.508231,b''
2021-07-10 18:50:20.629889,b'\x10 \x00\x04MQTT\x04\xc2\x00<\x00\x00\x00\x08username\x00\x08password\xa2\x0c\x00\x14\x00\x08dev/test\xe0\x00'
2021-07-10 18:50:20.629976,b'\x10 \x00\x04MQTT\x04\xc2\x00<\x00\x00\x00\x08username\x00\x08password\xa2\x0c\x00\x14\x00\x81dev/test\xe0\x00'
2021-07-10 18:50:20.734582,b'\x10 \x00\x04MQTT\x04\xc2\x00<\x00\x00\x00\x08username\x00\x08password\xa2\x0c\x00\x15\x00\x08dev/test\xe0\x00'
2021-07-10 18:50:20.734681,b'\x10 \x00\x04MQTT\x04\xc2\x00<\x00\x00\x00\x08username\x00\x08password\xa2\x0c\x00\x15\x013dev/test\xe0\x00'
2021-07-10 18:50:20.846484,b'\x10 \x00\x04MQTT\x04\xc2\x00<\x00\x00\x00\x08username\x00\x08password\xa2\x0c\x00\x16\x00\x08dev/test'
2021-07-10 18:50:20.846579,b'\x10 \x00\x04MQTT\x04\xc2\x00<\x00\x00\x00\x08username\x00\x08password\xa2\x0c\x00\x16\x01\\dev/test'
2021-07-10 18:50:20.848633,b'\xe0\x00'
2021-07-10 18:50:20.848703,b''
2021-07-10 18:50:20.959776,b'\x10 \x00\x04MQTT\x04\xc2\x00<\x00\x00\x00\x08username\x00\x08password\xa2\x0c\x00\x17\x00\x08dev/test'
2021-07-10 18:50:20.959932,b'\x10 \x00\x04MQTT\x04\xc2\x00<\x00\x00\x00\x08username\x00\x08password\xa2\x0c\x00\x17\x01\x7fdev/test'
2021-07-10 18:50:20.962393,b'\xe0\x00'
2021-07-10 18:50:20.962543,b''
2021-07-10 18:50:21.073234,b'\x10 \x00\x04MQTT\x04\xc2\x00<\x00\x00\x00\x08username\x00\x08password\xa2\x0c\x00\x18\x00\x08dev/test\xe0\x00'
2021-07-10 18:50:21.073339,b'\x10 \x00\x04MQTT\x04\xc2\x00<\x00\x00\x00\x08username\x00\x08password\xa2\x0c\x00\x18\x01jdev/test\xe0\x00'
2021-07-10 18:50:21.188227,b'\x10 \x00\x04MQTT\x04\xc2\x00<\x00\x00\x00\x08username\x00\x08password\xa2\x0c\x00\x19\x00\x08dev/test\xe0\x00'
2021-07-10 18:50:21.188326,b'\x10 \x00\x04MQTT\x04\xc2\x00<\x00\x00\x00\x08username\x00\x08password\xa2\x0c\x00\x19\x01`dev/test\xe0\x00'
2021-07-10 18:50:21.299492,b'\x10 \x00\x04MQTT\x04\xc2\x00<\x00\x00\x00\x08username\x00\x08password\xa2\x0c\x00\x1a\x00\x08dev/test'
2021-07-10 18:50:21.299610,b'\x10 \x00\x04MQTT\x04\xc2\x00<\x00\x00\x00\x08username\x00\x08password\xa2\x0c\x00\x1a\x01\x81dev/test'
2021-07-10 18:50:21.300833,b'\xe0\x00'
2021-07-10 18:50:21.300891,b''
2021-07-10 18:50:21.434310,b'\x10 \x00\x04MQTT\x04\xc2\x00<\x00\x00\x00\x08username\x00\x08password\xa2\x0c\x00\x1b\x00\x08dev/test\xe0\x00'
2021-07-10 18:50:21.434417,b'\x10 \x00\x04MQTT\x04\xc2\x00<\x00\x00\x00\x08username\x00\x08password\xa2\x0c\x00\x1b\x00\xfedev/test\xe0\x00'
2021-07-10 18:50:21.525974,b'\x10 \x00\x04MQTT\x04\xc2\x00<\x00\x00\x00\x08username\x00\x08password\xa2\x0c\x00\x1c\x00\x08dev/test'
2021-07-10 18:50:21.526070,b'\x10 \x00\x04MQTT\x04\xc2\x00<\x00\x00\x00\x08username\x00\x08password\xa2\x0c\x00\x1c\x01]dev/test'
2021-07-10 18:50:21.527943,b'\xe0\x00'
2021-07-10 18:50:21.528003,b''
2021-07-10 18:50:21.650225,b'\x10 \x00\x04MQTT\x04\xc2\x00<\x00\x00\x00\x08username\x00\x08password\xa2\x0c\x00\x1d\x00\x08dev/test\xe0\x00'
2021-07-10 18:50:21.650325,b'\x10 \x00\x04MQTT\x04\xc2\x00<\x00\x00\x00\x08username\x00\x08password\xa2\x0c\x00\x1d\x00\xa4dev/test\xe0\x00'
2021-07-10 18:50:21.756909,b'\x10 \x00\x04MQTT\x04\xc2\x00<\x00\x00\x00\x08username\x00\x08password\xa2\x0c\x00\x1e\x00\x08dev/test\xe0\x00'
2021-07-10 18:50:21.757068,b'\x10 \x00\x04MQTT\x04\xc2\x00<\x00\x00\x00\x08username\x00\x08password\xa2\x0c\x00\x1e\x01Idev/test\xe0\x00'
2021-07-10 18:50:21.866444,b'\x10 \x00\x04MQTT\x04\xc2\x00<\x00\x00\x00\x08username\x00\x08password\xa2\x0c\x00\x1f\x00\x08dev/test'
2021-07-10 18:50:21.866558,b'\x10 \x00\x04MQTT\x04\xc2\x00<\x00\x00\x00\x08username\x00\x08password\xa2\x0c\x00\x1f\x01\x01dev/test'
2021-07-10 18:50:21.868643,b'\xe0\x00'
2021-07-10 18:50:21.868709,b''
2021-07-10 18:50:21.979692,b'\x10 \x00\x04MQTT\x04\xc2\x00<\x00\x00\x00\x08username\x00\x08password\xa2\x0c\x00 \x00\x08dev/test\xe0\x00'
2021-07-10 18:50:21.979781,b'\x10 \x00\x04MQTT\x04\xc2\x00<\x00\x00\x00\x08username\x00\x08password\xa2\x0c\x00 \x01Cdev/test\xe0\x00'
2021-07-10 18:50:22.092861,b'\x10 \x00\x04MQTT\x04\xc2\x00<\x00\x00\x00\x08username\x00\x08password\xa2\x0c\x00!\x00\x08dev/test'
2021-07-10 18:50:22.092961,b'\x10 \x00\x04MQTT\x04\xc2\x00<\x00\x00\x00\x08username\x00\x08password\xa2\x0c\x00!\x000dev/test'
2021-07-10 18:50:22.093969,b'\xe0\x00'
2021-07-10 18:50:22.094028,b''
2021-07-10 18:50:22.206020,"b'\x10 \x00\x04MQTT\x04\xc2\x00<\x00\x00\x00\x08username\x00\x08password\xa2\x0c\x00""\x00\x08dev/test'"
2021-07-10 18:50:22.206127,"b'\x10 \x00\x04MQTT\x04\xc2\x00<\x00\x00\x00\x08username\x00\x08password\xa2\x0c\x00""\x01\tdev/test'"
2021-07-10 18:50:22.207755,b'\xe0\x00'
2021-07-10 18:50:22.207818,b''
2021-07-10 18:50:22.319376,b'\x10 \x00\x04MQTT\x04\xc2\x00<\x00\x00\x00\x08username\x00\x08password\xa2\x0c\x00#\x00\x08dev/test\xe0\x00'
2021-07-10 18:50:22.319489,b'\x10 \x00\x04MQTT\x04\xc2\x00<\x00\x00\x00\x08username\x00\x08password\xa2\x0c\x00#\x00\x1edev/test\xe0\x00\x10 \x00\x04MQTT\x04\xc2\x00<\x00\x00\x00\x08username\x00\x08password\xa2\x0c\x00#\x00\x08dev/test\xe0\x00'
2021-07-10 18:50:22.432659,b'\x10 \x00\x04MQTT\x04\xc2\x00<\x00\x00\x00\x08username\x00\x08password\xa2\x0c\x00$\x00\x08dev/test'
2021-07-10 18:50:22.432759,b'\x10 \x00\x04MQTT\x04\xc2\x00<\x00\x00\x00\x08username\x00\x08password\xa2\x0c\x00$\x00Sdev/test'
2021-07-10 18:50:22.434933,b'\xe0\x00'
2021-07-10 18:50:22.435004,b''
2021-07-10 18:50:22.546713,b'\x10 \x00\x04MQTT\x04\xc2\x00<\x00\x00\x00\x08username\x00\x08password\xa2\x0c\x00%\x00\x08dev/test'
2021-07-10 18:50:22.546821,b'\x10 \x00\x04MQTT\x04\xc2\x00<\x00\x00\x00\x08username\x00\x08password\xa2\x0c\x00%\x008dev/test'
2021-07-10 18:50:22.547715,b'\xe0\x00'
2021-07-10 18:50:22.547782,b''
2021-07-10 18:50:22.659939,b'\x10 \x00\x04MQTT\x04\xc2\x00<\x00\x00\x00\x08username\x00\x08password\xa2\x0c\x00&\x00\x08dev/test'
2021-07-10 18:50:22.660034,b'\x10 \x00\x04MQTT\x04\xc2\x00<\x00\x00\x00\x08username\x00\x08password\xa2\x0c\x00&\x00*dev/test'
2021-07-10 18:50:22.664014,b'\xe0\x00'
2021-07-10 18:50:22.664083,b''
2021-07-10 18:50:22.773239,"b""\x10 \x00\x04MQTT\x04\xc2\x00<\x00\x00\x00\x08username\x00\x08password\xa2\x0c\x00'\x00\x08dev/test"""
2021-07-10 18:50:22.773331,"b""\x10 \x00\x04MQTT\x04\xc2\x00<\x00\x00\x00\x08username\x00\x08password\xa2\x0c\x00'\x00cdev/test"""
2021-07-10 18:50:22.776778,b'\xe0\x00'
2021-07-10 18:50:22.776857,b''
2021-07-10 18:50:22.886357,b'\x10 \x00\x04MQTT\x04\xc2\x00<\x00\x00\x00\x08username\x00\x08password\xa2\x0c\x00(\x00\x08dev/test'
2021-07-10 18:50:22.886470,b'\x10 \x00\x04MQTT\x04\xc2\x00<\x00\x00\x00\x08username\x00\x08password\xa2\x0c\x00(\x00\xdddev/test'
2021-07-10 18:50:22.887499,b'\xe0\x00'
2021-07-10 18:50:22.887568,b''
2021-07-10 18:50:22.999750,b'\x10 \x00\x04MQTT\x04\xc2\x00<\x00\x00\x00\x08username\x00\x08password\xa2\x0c\x00)\x00\x08dev/test'
2021-07-10 18:50:22.999905,b'\x10 \x00\x04MQTT\x04\xc2\x00<\x00\x00\x00\x08username\x00\x08password\xa2\x0c\x00)\x018dev/test'
2021-07-10 18:50:23.000906,b'\xe0\x00'
2021-07-10 18:50:23.000964,b''
2021-07-10 18:50:23.117611,b'\x10 \x00\x04MQTT\x04\xc2\x00<\x00\x00\x00\x08username\x00\x08password\xa2\x0c\x00*\x00\x08dev/test\xe0\x00'
2021-07-10 18:50:23.117818,b'\x10 \x00\x04MQTT\x04\xc2\x00<\x00\x00\x00\x08username\x00\x08password\xa2\x0c\x00*\x00\x04dev/test\xe0\x00'
2021-07-10 18:50:23.217074,b'\x10 \x00\x04MQTT\x04\xc2\x00<\x00\x00\x00\x08username\x00\x08password\xa2\x0c\x00+\x00\x08dev/test\xe0\x00'
2021-07-10 18:50:23.217182,b'\x10 \x00\x04MQTT\x04\xc2\x00<\x00\x00\x00\x08username\x00\x08password\xa2\x0c\x00+\x00\xa7dev/test\xe0\x00'
2021-07-10 18:50:23.330497,"b'\x10 \x00\x04MQTT\x04\xc2\x00<\x00\x00\x00\x08username\x00\x08password\xa2\x0c\x00,\x00\x08dev/test'"
2021-07-10 18:50:23.330591,"b'\x10 \x00\x04MQTT\x04\xc2\x00<\x00\x00\x00\x08username\x00\x08password\xa2\x0c\x00,\x01adev/test'"
2021-07-10 18:50:23.331586,b'\xe0\x00'
2021-07-10 18:50:23.331640,b''
2021-07-10 18:50:23.444802,b'\x10 \x00\x04MQTT\x04\xc2\x00<\x00\x00\x00\x08username\x00\x08password\xa2\x0c\x00-\x00\x08dev/test'
2021-07-10 18:50:23.444898,b'\x10 \x00\x04MQTT\x04\xc2\x00<\x00\x00\x00\x08username\x00\x08password\xa2\x0c\x00-\x00vdev/test'
2021-07-10 18:50:23.445788,b'\xe0\x00'
2021-07-10 18:50:23.445845,b''
2021-07-10 18:50:23.552569,b'\x10 \x00\x04MQTT\x04\xc2\x00<\x00\x00\x00\x08username\x00\x08password\xa2\x0c\x00.\x00\x08dev/test\xe0\x00'
2021-07-10 18:50:23.552657,b'\x10 \x00\x04MQTT\x04\xc2\x00<\x00\x00\x00\x08username\x00\x08password\xa2\x0c\x00.\x00gdev/test\xe0\x00'
2021-07-10 18:50:23.661605,b'\x10 \x00\x04MQTT\x04\xc2\x00<\x00\x00\x00\x08username\x00\x08password\xa2\x0c\x00/\x00\x08dev/test'
2021-07-10 18:50:23.661705,b'\x10 \x00\x04MQTT\x04\xc2\x00<\x00\x00\x00\x08username\x00\x08password\xa2\x0c\x00/\x00\xf6dev/test'
2021-07-10 18:50:23.664119,b'\xe0\x00'
2021-07-10 18:50:23.664183,b''
2021-07-10 18:50:23.774848,b'\x10 \x00\x04MQTT\x04\xc2\x00<\x00\x00\x00\x08username\x00\x08password\xa2\x0c\x000\x00\x08dev/test'
2021-07-10 18:50:23.774947,b'\x10 \x00\x04MQTT\x04\xc2\x00<\x00\x00\x00\x08username\x00\x08password\xa2\x0c\x000\x00Jdev/test'
2021-07-10 18:50:23.776090,b'\xe0\x00'
2021-07-10 18:50:23.776146,b''
2021-07-10 18:50:23.888177,b'\x10 \x00\x04MQTT\x04\xc2\x00<\x00\x00\x00\x08username\x00\x08password\xa2\x0c\x001\x00\x08dev/test\xe0\x00'
2021-07-10 18:50:23.888285,b'\x10 \x00\x04MQTT\x04\xc2\x00<\x00\x00\x00\x08username\x00\x08password\xa2\x0c\x001\x00\xd2dev/test\xe0\x00'
2021-07-10 18:50:24.009175,b'\x10 \x00\x04MQTT\x04\xc2\x00<\x00\x00\x00\x08username\x00\x08password\xa2\x0c\x002\x00\x08dev/test\xe0\x00'
2021-07-10 18:50:24.009278,b'\x10 \x00\x04MQTT\x04\xc2\x00<\x00\x00\x00\x08username\x00\x08password\xa2\x0c\x002\x01Kdev/test\xe0\x00'
2021-07-10 18:50:24.120073,b'\x10 \x00\x04MQTT\x04\xc2\x00<\x00\x00\x00\x08username\x00\x08password\xa2\x0c\x003\x00\x08dev/test'
2021-07-10 18:50:24.120224,b'\x10 \x00\x04MQTT\x04\xc2\x00<\x00\x00\x00\x08username\x00\x08password\xa2\x0c\x003\x00\xbadev/test'
2021-07-10 18:50:24.121743,b'\xe0\x00'
2021-07-10 18:50:24.121827,b''
2021-07-10 18:50:24.224158,b'\x10 \x00\x04MQTT\x04\xc2\x00<\x00\x00\x00\x08username\x00\x08password\xa2\x0c\x004\x00\x08dev/test\xe0\x00'
2021-07-10 18:50:24.224329,b'\x10 \x00\x04MQTT\x04\xc2\x00<\x00\x00\x00\x08username\x00\x08password\xa2\x0c\x004\x00\xf5dev/test\xe0\x00'
2021-07-10 18:50:24.337051,b'\x10 \x00\x04MQTT\x04\xc2\x00<\x00\x00\x00\x08username\x00\x08password\xa2\x0c\x005\x00\x08dev/test'
2021-07-10 18:50:24.337151,b'\x10 \x00\x04MQTT\x04\xc2\x00<\x00\x00\x00\x08username\x00\x08password\xa2\x0c\x005\x00\xe4dev/test'
2021-07-10 18:50:24.337989,b'\xe0\x00'
2021-07-10 18:50:24.338048,b''
2021-07-10 18:50:24.457215,b'\x10 \x00\x04MQTT\x04\xc2\x00<\x00\x00\x00\x08username\x00\x08password\xa2\x0c\x006\x00\x08dev/test\xe0\x00'
2021-07-10 18:50:24.457331,b'\x10 \x00\x04MQTT\x04\xc2\x00<\x00\x00\x00\x08username\x00\x08password\xa2\x0c\x006\x01>dev/test\xe0\x00'
2021-07-10 18:50:24.567451,b'\x10 \x00\x04MQTT\x04\xc2\x00<\x00\x00\x00\x08username\x00\x08password\xa2\x0c\x007\x00\x08dev/test'
2021-07-10 18:50:24.567544,b'\x10 \x00\x04MQTT\x04\xc2\x00<\x00\x00\x00\x08username\x00\x08password\xa2\x0c\x007\x00\xb8dev/test'
2021-07-10 18:50:24.569646,b'\xe0\x00'
2021-07-10 18:50:24.569719,b''
2021-07-10 18:50:24.674339,b'\x10 \x00\x04MQTT\x04\xc2\x00<\x00\x00\x00\x08username\x00\x08password\xa2\x0c\x008\x00\x08dev/test\xe0\x00'
2021-07-10 18:50:24.674421,b'\x10 \x00\x04MQTT\x04\xc2\x00<\x00\x00\x00\x08username\x00\x08password\xa2\x0c\x008\x01idev/test\xe0\x00'
2021-07-10 18:50:24.794365,b'\x10 \x00\x04MQTT\x04\xc2\x00<\x00\x00\x00\x08username\x00\x08password\xa2\x0c\x009\x00\x08dev/test\xe0\x00'
2021-07-10 18:50:24.794458,b'\x10 \x00\x04MQTT\x04\xc2\x00<\x00\x00\x00\x08username\x00\x08password\xa2\x0c\x009\x00\x07dev/test\xe0\x00'
2021-07-10 18:50:24.899273,b'\x10 \x00\x04MQTT\x04\xc2\x00<\x00\x00\x00\x08username\x00\x08password\xa2\x0c\x00:\x00\x08dev/test\xe0\x00'
2021-07-10 18:50:24.899372,b'\x10 \x00\x04MQTT\x04\xc2\x00<\x00\x00\x00\x08username\x00\x08password\xa2\x0c\x00:\x00\x1fdev/test\xe0\x00'
2021-07-10 18:50:25.042507,b'\x10 \x00\x04MQTT\x04\xc2\x00<\x00\x00\x00\x08username\x00\x08password\xa2\x0c\x00;\x00\x08dev/test\xe0\x00'
2021-07-10 18:50:25.042609,b'\x10 \x00\x04MQTT\x04\xc2\x00<\x00\x00\x00\x08username\x00\x08password\xa2\x0c\x00;\x01\x83dev/test\xe0\x00'
2021-07-10 18:50:25.123977,b'\x10 \x00\x04MQTT\x04\xc2\x00<\x00\x00\x00\x08username\x00\x08password\xa2\x0c\x00<\x00\x08dev/test'
2021-07-10 18:50:25.124075,b'\x10 \x00\x04MQTT\x04\xc2\x00<\x00\x00\x00\x08username\x00\x08password\xa2\x0c\x00<\x000dev/test'
2021-07-10 18:50:25.124878,b'\xe0\x00'
2021-07-10 18:50:25.124934,b''
2021-07-10 18:50:25.237058,b'\x10 \x00\x04MQTT\x04\xc2\x00<\x00\x00\x00\x08username\x00\x08password\xa2\x0c\x00=\x00\x08dev/test'
2021-07-10 18:50:25.237159,b'\x10 \x00\x04MQTT\x04\xc2\x00<\x00\x00\x00\x08username\x00\x08password\xa2\x0c\x00=\x01}dev/test'
2021-07-10 18:50:25.238685,b'\xe0\x00'
2021-07-10 18:50:25.238748,b''
2021-07-10 18:50:25.352425,b'\x10 \x00\x04MQTT\x04\xc2\x00<\x00\x00\x00\x08username\x00\x08password\xa2\x0c\x00>\x00\x08dev/test\xe0\x00'
2021-07-10 18:50:25.352549,b'\x10 \x00\x04MQTT\x04\xc2\x00<\x00\x00\x00\x08username\x00\x08password\xa2\x0c\x00>\x01[dev/test\xe0\x00'
2021-07-10 18:50:25.456148,b'\x10 \x00\x04MQTT\x04\xc2\x00<\x00\x00\x00\x08username\x00\x08password\xa2\x0c\x00?\x00\x08dev/test\xe0\x00'
2021-07-10 18:50:25.456283,b'\x10 \x00\x04MQTT\x04\xc2\x00<\x00\x00\x00\x08username\x00\x08password\xa2\x0c\x00?\x00!dev/test\xe0\x00'
2021-07-10 18:50:25.576289,b'\x10 \x00\x04MQTT\x04\xc2\x00<\x00\x00\x00\x08username\x00\x08password\xa2\x0c\x00@\x00\x08dev/test\xe0\x00'
2021-07-10 18:50:25.576429,b'\x10 \x00\x04MQTT\x04\xc2\x00<\x00\x00\x00\x08username\x00\x08password\xa2\x0c\x00@\x01ddev/test\xe0\x00'
2021-07-10 18:50:25.682232,b'\x10 \x00\x04MQTT\x04\xc2\x00<\x00\x00\x00\x08username\x00\x08password\xa2\x0c\x00A\x00\x08dev/test'
2021-07-10 18:50:25.682328,b'\x10 \x00\x04MQTT\x04\xc2\x00<\x00\x00\x00\x08username\x00\x08password\xa2\x0c\x00A\x00\x96dev/test'
2021-07-10 18:50:25.683141,b'\xe0\x00'
2021-07-10 18:50:25.683194,b''
2021-07-10 18:50:25.795391,b'\x10 \x00\x04MQTT\x04\xc2\x00<\x00\x00\x00\x08username\x00\x08password\xa2\x0c\x00B\x00\x08dev/test'
2021-07-10 18:50:25.795520,b'\x10 \x00\x04MQTT\x04\xc2\x00<\x00\x00\x00\x08username\x00\x08password\xa2\x0c\x00B\x01kdev/test'
2021-07-10 18:50:25.798099,b'\xe0\x00'
2021-07-10 18:50:25.798183,b''
2021-07-10 18:50:25.908691,b'\x10 \x00\x04MQTT\x04\xc2\x00<\x00\x00\x00\x08username\x00\x08password\xa2\x0c\x00C\x00\x08dev/test\xe0\x00'
2021-07-10 18:50:25.908828,b'\x10 \x00\x04MQTT\x04\xc2\x00<\x00\x00\x00\x08username\x00\x08password\xa2\x0c\x00C\x00\x07dev/test\xe0\x00'
2021-07-10 18:50:26.022884,b'\x10 \x00\x04MQTT\x04\xc2\x00<\x00\x00\x00\x08username\x00\x08password\xa2\x0c\x00D\x00\x08dev/test'
2021-07-10 18:50:26.023012,b'\x10 \x00\x04MQTT\x04\xc2\x00<\x00\x00\x00\x08username\x00\x08password\xa2\x0c\x00D\x00~dev/test'
2021-07-10 18:50:26.024678,b'\xe0\x00'
2021-07-10 18:50:26.024786,b''
2021-07-10 18:50:26.136252,b'\x10 \x00\x04MQTT\x04\xc2\x00<\x00\x00\x00\x08username\x00\x08password\xa2\x0c\x00E\x00\x08dev/test\xe0\x00'
2021-07-10 18:50:26.136368,b'\x10 \x00\x04MQTT\x04\xc2\x00<\x00\x00\x00\x08username\x00\x08password\xa2\x0c\x00E\x01zdev/test\xe0\x00'
2021-07-10 18:50:26.249397,b'\x10 \x00\x04MQTT\x04\xc2\x00<\x00\x00\x00\x08username\x00\x08password\xa2\x0c\x00F\x00\x08dev/test'
2021-07-10 18:50:26.249493,b'\x10 \x00\x04MQTT\x04\xc2\x00<\x00\x00\x00\x08username\x00\x08password\xa2\x0c\x00F\x01!dev/test'
2021-07-10 18:50:26.250758,b'\xe0\x00'
2021-07-10 18:50:26.250815,b''
2021-07-10 18:50:26.362574,b'\x10 \x00\x04MQTT\x04\xc2\x00<\x00\x00\x00\x08username\x00\x08password\xa2\x0c\x00G\x00\x08dev/test'
2021-07-10 18:50:26.362673,b'\x10 \x00\x04MQTT\x04\xc2\x00<\x00\x00\x00\x08username\x00\x08password\xa2\x0c\x00G\x01%dev/test'
2021-07-10 18:50:26.363597,b'\xe0\x00'
2021-07-10 18:50:26.363657,b''
2021-07-10 18:50:26.466146,b'\x10 \x00\x04MQTT\x04\xc2\x00<\x00\x00\x00\x08username\x00\x08password\xa2\x0c\x00H\x00\x08dev/test\xe0\x00'
2021-07-10 18:50:26.466235,b'\x10 \x00\x04MQTT\x04\xc2\x00<\x00\x00\x00\x08username\x00\x08password\xa2\x0c\x00H\x01\x02dev/test\xe0\x00'
2021-07-10 18:50:26.580371,b'\x10 \x00\x04MQTT\x04\xc2\x00<\x00\x00\x00\x08username\x00\x08password\xa2\x0c\x00I\x00\x08dev/test'
2021-07-10 18:50:26.580595,b'\x10 \x00\x04MQTT\x04\xc2\x00<\x00\x00\x00\x08username\x00\x08password\xa2\x0c\x00I\x00\x87dev/test'
2021-07-10 18:50:26.584203,b'\xe0\x00'
2021-07-10 18:50:26.584346,b''
2021-07-10 18:50:26.696325,b'\x10 \x00\x04MQTT\x04\xc2\x00<\x00\x00\x00\x08username\x00\x08password\xa2\x0c\x00J\x00\x08dev/test'
2021-07-10 18:50:26.696449,b'\x10 \x00\x04MQTT\x04\xc2\x00<\x00\x00\x00\x08username\x00\x08password\xa2\x0c\x00J\x00\xe1dev/test'
2021-07-10 18:50:26.697814,b'\xe0\x00'
2021-07-10 18:50:26.697920,b''
2021-07-10 18:50:26.800257,b'\x10 \x00\x04MQTT\x04\xc2\x00<\x00\x00\x00\x08username\x00\x08password\xa2\x0c\x00K\x00\x08dev/test\xe0\x00'
2021-07-10 18:50:26.800397,b'\x10 \x00\x04MQTT\x04\xc2\x00<\x00\x00\x00\x08username\x00\x08password\xa2\x0c\x00K\x01tdev/test\xe0\x00'
2021-07-10 18:50:26.913792,b'\x10 \x00\x04MQTT\x04\xc2\x00<\x00\x00\x00\x08username\x00\x08password\xa2\x0c\x00L\x00\x08dev/test'
2021-07-10 18:50:26.913886,b'\x10 \x00\x04MQTT\x04\xc2\x00<\x00\x00\x00\x08username\x00\x08password\xa2\x0c\x00L\x00\\dev/test'
2021-07-10 18:50:26.916691,b'\xe0\x00'
2021-07-10 18:50:26.916764,b''
2021-07-10 18:50:27.024118,b'\x10 \x00\x04MQTT\x04\xc2\x00<\x00\x00\x00\x08username\x00\x08password\xa2\x0c\x00M\x00\x08dev/test\xe0\x00'
2021-07-10 18:50:27.024206,b'\x10 \x00\x04MQTT\x04\xc2\x00<\x00\x00\x00\x08username\x00\x08password\xa2\x0c\x00M\x00\xe2dev/test\xe0\x00'
2021-07-10 18:50:27.132558,b'\x10 \x00\x04MQTT\x04\xc2\x00<\x00\x00\x00\x08username\x00\x08password\xa2\x0c\x00N\x00\x08dev/test\xe0\x00'
2021-07-10 18:50:27.132654,b'\x10 \x00\x04MQTT\x04\xc2\x00<\x00\x00\x00\x08username\x00\x08password\xa2\x0c\x00N\x00\xe5dev/test\xe0\x00'
2021-07-10 18:50:27.246397,b'\x10 \x00\x04MQTT\x04\xc2\x00<\x00\x00\x00\x08username\x00\x08password\xa2\x0c\x00O\x00\x08dev/test'
2021-07-10 18:50:27.246513,b'\x10 \x00\x04MQTT\x04\xc2\x00<\x00\x00\x00\x08username\x00\x08password\xa2\x0c\x00O\x01\x82dev/test'
2021-07-10 18:50:27.256879,b'\xe0\x00'
2021-07-10 18:50:27.256957,b''
2021-07-10 18:50:27.360545,b'\x10 \x00\x04MQTT\x04\xc2\x00<\x00\x00\x00\x08username\x00\x08password\xa2\x0c\x00P\x00\x08dev/test'
2021-07-10 18:50:27.360689,b'\x10 \x00\x04MQTT\x04\xc2\x00<\x00\x00\x00\x08username\x00\x08password\xa2\x0c\x00P\x01\x8cdev/test'
2021-07-10 18:50:27.375128,b'\xe0\x00'
2021-07-10 18:50:27.375201,b''
2021-07-10 18:50:27.475638,b'\x10 \x00\x04MQTT\x04\xc2\x00<\x00\x00\x00\x08username\x00\x08password\xa2\x0c\x00Q\x00\x08dev/test'
2021-07-10 18:50:27.475735,b'\x10 \x00\x04MQTT\x04\xc2\x00<\x00\x00\x00\x08username\x00\x08password\xa2\x0c\x00Q\x00\xb4dev/test'
2021-07-10 18:50:27.476846,b'\xe0\x00'
2021-07-10 18:50:27.476906,b''
2021-07-10 18:50:27.589105,b'\x10 \x00\x04MQTT\x04\xc2\x00<\x00\x00\x00\x08username\x00\x08password\xa2\x0c\x00R\x00\x08dev/test'
2021-07-10 18:50:27.589202,b'\x10 \x00\x04MQTT\x04\xc2\x00<\x00\x00\x00\x08username\x00\x08password\xa2\x0c\x00R\x01\x1ddev/test'
2021-07-10 18:50:27.596429,b'\xe0\x00'
2021-07-10 18:50:27.596501,b''
2021-07-10 18:50:27.702243,b'\x10 \x00\x04MQTT\x04\xc2\x00<\x00\x00\x00\x08username\x00\x08password\xa2\x0c\x00S\x00\x08dev/test'
2021-07-10 18:50:27.702369,b'\x10 \x00\x04MQTT\x04\xc2\x00<\x00\x00\x00\x08username\x00\x08password\xa2\x0c\x00S\x00\xfedev/test'
2021-07-10 18:50:27.703353,b'\xe0\x00'
2021-07-10 18:50:27.703408,b''
2021-07-10 18:50:27.815481,b'\x10 \x00\x04MQTT\x04\xc2\x00<\x00\x00\x00\x08username\x00\x08password\xa2\x0c\x00T\x00\x08dev/test'
2021-07-10 18:50:27.815582,b'\x10 \x00\x04MQTT\x04\xc2\x00<\x00\x00\x00\x08username\x00\x08password\xa2\x0c\x00T\x01idev/test'
2021-07-10 18:50:27.816780,b'\xe0\x00'
2021-07-10 18:50:27.816894,b''
2021-07-10 18:50:27.934822,b'\x10 \x00\x04MQTT\x04\xc2\x00<\x00\x00\x00\x08username\x00\x08password\xa2\x0c\x00U\x00\x08dev/test'
2021-07-10 18:50:27.934985,b'\x10 \x00\x04MQTT\x04\xc2\x00<\x00\x00\x00\x08username\x00\x08password\xa2\x0c\x00U\x01\x84dev/test'
2021-07-10 18:50:27.949526,b'\xe0\x00'
2021-07-10 18:50:27.949650,b''
2021-07-10 18:50:28.041865,b'\x10 \x00\x04MQTT\x04\xc2\x00<\x00\x00\x00\x08username\x00\x08password\xa2\x0c\x00V\x00\x08dev/test'
2021-07-10 18:50:28.041968,b'\x10 \x00\x04MQTT\x04\xc2\x00<\x00\x00\x00\x08username\x00\x08password\xa2\x0c\x00V\x01\x0bdev/test'
2021-07-10 18:50:28.042965,b'\xe0\x00'
2021-07-10 18:50:28.043017,b''
2021-07-10 18:50:28.155142,b'\x10 \x00\x04MQTT\x04\xc2\x00<\x00\x00\x00\x08username\x00\x08password\xa2\x0c\x00W\x00\x08dev/test'
2021-07-10 18:50:28.155235,b'\x10 \x00\x04MQTT\x04\xc2\x00<\x00\x00\x00\x08username\x00\x08password\xa2\x0c\x00W\x01_dev/test'
2021-07-10 18:50:28.156790,b'\xe0\x00'
2021-07-10 18:50:28.156867,b''
2021-07-10 18:50:28.268338,b'\x10 \x00\x04MQTT\x04\xc2\x00<\x00\x00\x00\x08username\x00\x08password\xa2\x0c\x00X\x00\x08dev/test'
2021-07-10 18:50:28.268429,b'\x10 \x00\x04MQTT\x04\xc2\x00<\x00\x00\x00\x08username\x00\x08password\xa2\x0c\x00X\x00\x89dev/test'
2021-07-10 18:50:28.269504,b'\xe0\x00'
2021-07-10 18:50:28.269562,b''
2021-07-10 18:50:28.381733,b'\x10 \x00\x04MQTT\x04\xc2\x00<\x00\x00\x00\x08username\x00\x08password\xa2\x0c\x00Y\x00\x08dev/test\xe0\x00'
2021-07-10 18:50:28.381835,b'\x10 \x00\x04MQTT\x04\xc2\x00<\x00\x00\x00\x08username\x00\x08password\xa2\x0c\x00Y\x00\xa9dev/test\xe0\x00'
2021-07-10 18:50:28.496933,b'\x10 \x00\x04MQTT\x04\xc2\x00<\x00\x00\x00\x08username\x00\x08password\xa2\x0c\x00Z\x00\x08dev/test\xe0\x00'
2021-07-10 18:50:28.497037,b'\x10 \x00\x04MQTT\x04\xc2\x00<\x00\x00\x00\x08username\x00\x08password\xa2\x0c\x00Z\x00\x1ddev/test\xe0\x00'
2021-07-10 18:50:28.608940,b'\x10 \x00\x04MQTT\x04\xc2\x00<\x00\x00\x00\x08username\x00\x08password\xa2\x0c\x00[\x00\x08dev/test'
2021-07-10 18:50:28.609075,b'\x10 \x00\x04MQTT\x04\xc2\x00<\x00\x00\x00\x08username\x00\x08password\xa2\x0c\x00[\x01\x15dev/test'
2021-07-10 18:50:28.610532,b'\xe0\x00'
2021-07-10 18:50:28.610595,b''
2021-07-10 18:50:28.722277,b'\x10 \x00\x04MQTT\x04\xc2\x00<\x00\x00\x00\x08username\x00\x08password\xa2\x0c\x00\\\x00\x08dev/test'
2021-07-10 18:50:28.722373,b'\x10 \x00\x04MQTT\x04\xc2\x00<\x00\x00\x00\x08username\x00\x08password\xa2\x0c\x00\\\x00\x84dev/test'
2021-07-10 18:50:28.723360,b'\xe0\x00'
2021-07-10 18:50:28.723412,b''
2021-07-10 18:50:28.825766,b'\x10 \x00\x04MQTT\x04\xc2\x00<\x00\x00\x00\x08username\x00\x08password\xa2\x0c\x00]\x00\x08dev/test\xe0\x00'
2021-07-10 18:50:28.825858,b'\x10 \x00\x04MQTT\x04\xc2\x00<\x00\x00\x00\x08username\x00\x08password\xa2\x0c\x00]\x001dev/test\xe0\x00'
2021-07-10 18:50:28.938879,b'\x10 \x00\x04MQTT\x04\xc2\x00<\x00\x00\x00\x08username\x00\x08password\xa2\x0c\x00^\x00\x08dev/test'
2021-07-10 18:50:28.938969,b'\x10 \x00\x04MQTT\x04\xc2\x00<\x00\x00\x00\x08username\x00\x08password\xa2\x0c\x00^\x01\x05dev/test'
2021-07-10 18:50:28.941280,b'\xe0\x00'
2021-07-10 18:50:28.941346,b''
2021-07-10 18:50:29.052098,b'\x10 \x00\x04MQTT\x04\xc2\x00<\x00\x00\x00\x08username\x00\x08password\xa2\x0c\x00_\x00\x08dev/test'
2021-07-10 18:50:29.052223,b'\x10 \x00\x04MQTT\x04\xc2\x00<\x00\x00\x00\x08username\x00\x08password\xa2\x0c\x00_\x01Fdev/test'
2021-07-10 18:50:29.053114,b'\xe0\x00'
2021-07-10 18:50:29.053176,b''
2021-07-10 18:50:29.165468,b'\x10 \x00\x04MQTT\x04\xc2\x00<\x00\x00\x00\x08username\x00\x08password\xa2\x0c\x00`\x00\x08dev/test\xe0\x00'
2021-07-10 18:50:29.165577,b'\x10 \x00\x04MQTT\x04\xc2\x00<\x00\x00\x00\x08username\x00\x08password\xa2\x0c\x00`\x01\x8ddev/test\xe0\x00'
2021-07-10 18:50:29.281199,b'\x10 \x00\x04MQTT\x04\xc2\x00<\x00\x00\x00\x08username\x00\x08password\xa2\x0c\x00a\x00\x08dev/test\xe0\x00'
2021-07-10 18:50:29.281326,b'\x10 \x00\x04MQTT\x04\xc2\x00<\x00\x00\x00\x08username\x00\x08password\xa2\x0c\x00a\x00\x1ddev/test\xe0\x00'
2021-07-10 18:50:29.395201,b'\x10 \x00\x04MQTT\x04\xc2\x00<\x00\x00\x00\x08username\x00\x08password\xa2\x0c\x00b\x00\x08dev/test'
2021-07-10 18:50:29.395327,b'\x10 \x00\x04MQTT\x04\xc2\x00<\x00\x00\x00\x08username\x00\x08password\xa2\x0c\x00b\x01edev/test'
2021-07-10 18:50:29.397549,b'\xe0\x00'
2021-07-10 18:50:29.397618,b''
2021-07-10 18:50:29.508496,b'\x10 \x00\x04MQTT\x04\xc2\x00<\x00\x00\x00\x08username\x00\x08password\xa2\x0c\x00c\x00\x08dev/test'
2021-07-10 18:50:29.508595,b'\x10 \x00\x04MQTT\x04\xc2\x00<\x00\x00\x00\x08username\x00\x08password\xa2\x0c\x00c\x00\x07dev/test'
2021-07-10 18:50:29.510554,b'\xe0\x00'
2021-07-10 18:50:29.510616,b''
2021-07-10 18:50:29.622491,b'\x10 \x00\x04MQTT\x04\xc2\x00<\x00\x00\x00\x08username\x00\x08password\xa2\x0c\x00d\x00\x08dev/test'
2021-07-10 18:50:29.622594,b'\x10 \x00\x04MQTT\x04\xc2\x00<\x00\x00\x00\x08username\x00\x08password\xa2\x0c\x00d\x00\xcadev/test'
2021-07-10 18:50:29.628758,b'\xe0\x00'
2021-07-10 18:50:29.628826,b''
2021-07-10 18:50:29.735967,b'\x10 \x00\x04MQTT\x04\xc2\x00<\x00\x00\x00\x08username\x00\x08password\xa2\x05\x00e\x00\x01#'
2021-07-10 18:50:29.736060,b'\x10 \x00\x04MQTT\x04\xc2\x00<\x00\x00\x00\x08username\x00\x08password\xa2\x05\x00e\x01=#'
2021-07-10 18:50:29.738147,b'\xe0\x00'
2021-07-10 18:50:29.738207,b''
2021-07-10 18:50:29.850458,b'\x10 \x00\x04MQTT\x04\xc2\x00<\x00\x00\x00\x08username\x00\x08password\xa2\x05\x00f\x00\x01#\xe0\x00'
2021-07-10 18:50:29.850562,b'\x10 \x00\x04MQTT\x04\xc2\x00<\x00\x00\x00\x08username\x00\x08password\xa2\x05\x00f\x01\x88#\xe0\x00'
2021-07-10 18:50:29.963732,b'\x10 \x00\x04MQTT\x04\xc2\x00<\x00\x00\x00\x08username\x00\x08password\xa2\x05\x00g\x00\x01#\xe0\x00'
2021-07-10 18:50:29.963881,b'\x10 \x00\x04MQTT\x04\xc2\x00<\x00\x00\x00\x08username\x00\x08password\xa2\x05\x00g\x01{#\xe0\x00'
2021-07-10 18:50:30.075597,b'\x10 \x00\x04MQTT\x04\xc2\x00<\x00\x00\x00\x08username\x00\x08password\xa2\x05\x00h\x00\x01#'
2021-07-10 18:50:30.075699,b'\x10 \x00\x04MQTT\x04\xc2\x00<\x00\x00\x00\x08username\x00\x08password\xa2\x05\x00h\x00\xb1#'
2021-07-10 18:50:30.077984,b'\xe0\x00'
2021-07-10 18:50:30.078051,b''
2021-07-10 18:50:30.189645,b'\x10 \x00\x04MQTT\x04\xc2\x00<\x00\x00\x00\x08username\x00\x08password\xa2\x05\x00i\x00\x01#'
2021-07-10 18:50:30.189739,b'\x10 \x00\x04MQTT\x04\xc2\x00<\x00\x00\x00\x08username\x00\x08password\xa2\x05\x00i\x01U#'
2021-07-10 18:50:30.190660,b'\xe0\x00'
2021-07-10 18:50:30.190717,b''
2021-07-10 18:50:30.311439,b'\x10 \x00\x04MQTT\x04\xc2\x00<\x00\x00\x00\x08username\x00\x08password\xa2\x05\x00j\x00\x01#'
2021-07-10 18:50:30.311679,b'\x10 \x00\x04MQTT\x04\xc2\x00<\x00\x00\x00\x08username\x00\x08password\xa2\x05\x00j\x00\x8b#'
2021-07-10 18:50:30.313348,b'\xe0\x00'
2021-07-10 18:50:30.313446,b''
2021-07-10 18:50:30.435268,b'\x10 \x00\x04MQTT\x04\xc2\x00<\x00\x00\x00\x08username\x00\x08password\xa2\x05\x00k\x00\x01#\xe0\x00'
2021-07-10 18:50:30.435365,b'\x10 \x00\x04MQTT\x04\xc2\x00<\x00\x00\x00\x08username\x00\x08password\xa2\x05\x00k\x00.#\xe0\x00'
2021-07-10 18:50:30.538103,b'\x10 \x00\x04MQTT\x04\xc2\x00<\x00\x00\x00\x08username\x00\x08password\xa2\x05\x00l\x00\x01#'
2021-07-10 18:50:30.538199,b'\x10 \x00\x04MQTT\x04\xc2\x00<\x00\x00\x00\x08username\x00\x08password\xa2\x05\x00l\x00\xba#'
2021-07-10 18:50:30.540777,b'\xe0\x00'
2021-07-10 18:50:30.540845,b''
2021-07-10 18:50:30.651473,b'\x10 \x00\x04MQTT\x04\xc2\x00<\x00\x00\x00\x08username\x00\x08password\xa2\x05\x00m\x00\x01#'
2021-07-10 18:50:30.651577,b'\x10 \x00\x04MQTT\x04\xc2\x00<\x00\x00\x00\x08username\x00\x08password\xa2\x05\x00m\x009#'
2021-07-10 18:50:30.652506,b'\xe0\x00'
2021-07-10 18:50:30.652563,b''
2021-07-10 18:50:30.764881,b'\x10 \x00\x04MQTT\x04\xc2\x00<\x00\x00\x00\x08username\x00\x08password\xa2\x05\x00n\x00\x01#\xe0\x00'
2021-07-10 18:50:30.765104,b'\x10 \x00\x04MQTT\x04\xc2\x00<\x00\x00\x00\x08username\x00\x08password\xa2\x05\x00n\x00\xb9#\xe0\x00'
2021-07-10 18:50:30.877767,b'\x10 \x00\x04MQTT\x04\xc2\x00<\x00\x00\x00\x08username\x00\x08password\xa2\x05\x00o\x00\x01#'
2021-07-10 18:50:30.877864,b'\x10 \x00\x04MQTT\x04\xc2\x00<\x00\x00\x00\x08username\x00\x08password\xa2\x05\x00o\x00\xa6#'
2021-07-10 18:50:30.879844,b'\xe0\x00'
2021-07-10 18:50:30.879913,b''
2021-07-10 18:50:30.997204,b'\x10 \x00\x04MQTT\x04\xc2\x00<\x00\x00\x00\x08username\x00\x08password\xa2\x05\x00p\x00\x01#\xe0\x00'
2021-07-10 18:50:30.997298,b'\x10 \x00\x04MQTT\x04\xc2\x00<\x00\x00\x00\x08username\x00\x08password\xa2\x05\x00p\x00T#\xe0\x00'
2021-07-10 18:50:31.104712,b'\x10 \x00\x04MQTT\x04\xc2\x00<\x00\x00\x00\x08username\x00\x08password\xa2\x05\x00q\x00\x01#\xe0\x00'
2021-07-10 18:50:31.104856,b'\x10 \x00\x04MQTT\x04\xc2\x00<\x00\x00\x00\x08username\x00\x08password\xa2\x05\x00q\x00\xfb#\xe0\x00'
2021-07-10 18:50:31.217580,b'\x10 \x00\x04MQTT\x04\xc2\x00<\x00\x00\x00\x08username\x00\x08password\xa2\x05\x00r\x00\x01#'
2021-07-10 18:50:31.217683,b'\x10 \x00\x04MQTT\x04\xc2\x00<\x00\x00\x00\x08username\x00\x08password\xa2\x05\x00r\x006#'
2021-07-10 18:50:31.218602,b'\xe0\x00'
2021-07-10 18:50:31.218657,b''
2021-07-10 18:50:31.330742,b'\x10 \x00\x04MQTT\x04\xc2\x00<\x00\x00\x00\x08username\x00\x08password\xa2\x05\x00s\x00\x01#'
2021-07-10 18:50:31.330846,b'\x10 \x00\x04MQTT\x04\xc2\x00<\x00\x00\x00\x08username\x00\x08password\xa2\x05\x00s\x00)#'
2021-07-10 18:50:31.331674,b'\xe0\x00'
2021-07-10 18:50:31.331733,b''
2021-07-10 18:50:31.444069,b'\x10 \x00\x04MQTT\x04\xc2\x00<\x00\x00\x00\x08username\x00\x08password\xa2\x05\x00t\x00\x01#'
2021-07-10 18:50:31.444163,b'\x10 \x00\x04MQTT\x04\xc2\x00<\x00\x00\x00\x08username\x00\x08password\xa2\x05\x00t\x00\x1c#'
2021-07-10 18:50:31.445937,b'\xe0\x00'
2021-07-10 18:50:31.446048,b''
2021-07-10 18:50:31.557175,b'\x10 \x00\x04MQTT\x04\xc2\x00<\x00\x00\x00\x08username\x00\x08password\xa2\x05\x00u\x00\x01#'
2021-07-10 18:50:31.557272,b'\x10 \x00\x04MQTT\x04\xc2\x00<\x00\x00\x00\x08username\x00\x08password\xa2\x05\x00u\x00}#'
2021-07-10 18:50:31.558143,b'\xe0\x00'
2021-07-10 18:50:31.558202,b''
2021-07-10 18:50:31.670472,b'\x10 \x00\x04MQTT\x04\xc2\x00<\x00\x00\x00\x08username\x00\x08password\xa2\x05\x00v\x00\x01#'
2021-07-10 18:50:31.670567,b'\x10 \x00\x04MQTT\x04\xc2\x00<\x00\x00\x00\x08username\x00\x08password\xa2\x05\x00v\x01_#'
2021-07-10 18:50:31.672393,b'\xe0\x00'
2021-07-10 18:50:31.672455,b''
2021-07-10 18:50:31.794608,b'\x10 \x00\x04MQTT\x04\xc2\x00<\x00\x00\x00\x08username\x00\x08password\xa2\x05\x00w\x00\x01#'
2021-07-10 18:50:31.794701,b'\x10 \x00\x04MQTT\x04\xc2\x00<\x00\x00\x00\x08username\x00\x08password\xa2\x05\x00w\x00##'
2021-07-10 18:50:31.796675,b'\xe0\x00'
2021-07-10 18:50:31.799522,b''
2021-07-10 18:50:31.886848,b'\x10 \x00\x04MQTT\x04\xc2\x00<\x00\x00\x00\x08username\x00\x08password\xa2\x05\x00x\x00\x01#\xe0\x00'
2021-07-10 18:50:31.886959,b'\x10 \x00\x04MQTT\x04\xc2\x00<\x00\x00\x00\x08username\x00\x08password\xa2\x05\x00x\x01\x10#\xe0\x00'
2021-07-10 18:50:32.013172,b'\x10 \x00\x04MQTT\x04\xc2\x00<\x00\x00\x00\x08username\x00\x08password\xa2\x05\x00y\x00\x01#\xe0\x00'
2021-07-10 18:50:32.013282,b'\x10 \x00\x04MQTT\x04\xc2\x00<\x00\x00\x00\x08username\x00\x08password\xa2\x05\x00y\x00\xdd#\xe0\x00'
2021-07-10 18:50:32.113333,b'\x10 \x00\x04MQTT\x04\xc2\x00<\x00\x00\x00\x08username\x00\x08password\xa2\x05\x00z\x00\x01#'
2021-07-10 18:50:32.113461,b'\x10 \x00\x04MQTT\x04\xc2\x00<\x00\x00\x00\x08username\x00\x08password\xa2\x05\x00z\x00\xc5#'
2021-07-10 18:50:32.114831,b'\xe0\x00'
2021-07-10 18:50:32.114895,b''
2021-07-10 18:50:32.226624,b'\x10 \x00\x04MQTT\x04\xc2\x00<\x00\x00\x00\x08username\x00\x08password\xa2\x05\x00{\x00\x01#'
2021-07-10 18:50:32.226723,b'\x10 \x00\x04MQTT\x04\xc2\x00<\x00\x00\x00\x08username\x00\x08password\xa2\x05\x00{\x01l#'
2021-07-10 18:50:32.227953,b'\xe0\x00'
2021-07-10 18:50:32.228018,b''
2021-07-10 18:50:32.330024,b'\x10 \x00\x04MQTT\x04\xc2\x00<\x00\x00\x00\x08username\x00\x08password\xa2\x05\x00|\x00\x01#\xe0\x00'
2021-07-10 18:50:32.330123,b'\x10 \x00\x04MQTT\x04\xc2\x00<\x00\x00\x00\x08username\x00\x08password\xa2\x05\x00|\x01\x1c#\xe0\x00'
2021-07-10 18:50:32.443386,b'\x10 \x00\x04MQTT\x04\xc2\x00<\x00\x00\x00\x08username\x00\x08password\xa2\x05\x00}\x00\x01#'
2021-07-10 18:50:32.443493,b'\x10 \x00\x04MQTT\x04\xc2\x00<\x00\x00\x00\x08username\x00\x08password\xa2\x05\x00}\x01N#'
2021-07-10 18:50:32.444679,b'\xe0\x00'
2021-07-10 18:50:32.444739,b''
2021-07-10 18:50:32.556748,b'\x10 \x00\x04MQTT\x04\xc2\x00<\x00\x00\x00\x08username\x00\x08password\xa2\x05\x00~\x00\x01#'
2021-07-10 18:50:32.556844,b'\x10 \x00\x04MQTT\x04\xc2\x00<\x00\x00\x00\x08username\x00\x08password\xa2\x05\x00~\x01s#'
2021-07-10 18:50:32.557955,b'\xe0\x00'
2021-07-10 18:50:32.558017,b''
2021-07-10 18:50:32.670823,b'\x10 \x00\x04MQTT\x04\xc2\x00<\x00\x00\x00\x08username\x00\x08password\xa2\x05\x00\x7f\x00\x01#'
2021-07-10 18:50:32.670934,b'\x10 \x00\x04MQTT\x04\xc2\x00<\x00\x00\x00\x08username\x00\x08password\xa2\x05\x00\x7f\x00W#'
2021-07-10 18:50:32.672827,b'\xe0\x00'
2021-07-10 18:50:32.672879,b''
2021-07-10 18:50:32.784080,b'\x10 \x00\x04MQTT\x04\xc2\x00<\x00\x00\x00\x08username\x00\x08password\xa2\x05\x00\x80\x00\x01#'
2021-07-10 18:50:32.784182,b'\x10 \x00\x04MQTT\x04\xc2\x00<\x00\x00\x00\x08username\x00\x08password\xa2\x05\x00\x80\x01A#'
2021-07-10 18:50:32.785235,b'\xe0\x00'
2021-07-10 18:50:32.785298,b''
2021-07-10 18:50:32.898358,b'\x10 \x00\x04MQTT\x04\xc2\x00<\x00\x00\x00\x08username\x00\x08password\xa2\x05\x00\x81\x00\x01#\xe0\x00'
2021-07-10 18:50:32.898456,b'\x10 \x00\x04MQTT\x04\xc2\x00<\x00\x00\x00\x08username\x00\x08password\xa2\x05\x00\x81\x01\x18#\xe0\x00'
2021-07-10 18:50:33.001438,b'\x10 \x00\x04MQTT\x04\xc2\x00<\x00\x00\x00\x08username\x00\x08password\xa2\x05\x00\x82\x00\x01#\xe0\x00'
2021-07-10 18:50:33.001558,b'\x10 \x00\x04MQTT\x04\xc2\x00<\x00\x00\x00\x08username\x00\x08password\xa2\x05\x00\x82\x00 #\xe0\x00'
2021-07-10 18:50:33.104678,b'\x10 \x00\x04MQTT\x04\xc2\x00<\x00\x00\x00\x08username\x00\x08password\xa2\x05\x00\x83\x00\x01#\xe0\x00'
2021-07-10 18:50:33.104796,b'\x10 \x00\x04MQTT\x04\xc2\x00<\x00\x00\x00\x08username\x00\x08password\xa2\x05\x00\x83\x00\xa1#\xe0\x00'
2021-07-10 18:50:33.214848,b'\x10 \x00\x04MQTT\x04\xc2\x00<\x00\x00\x00\x08username\x00\x08password\xa2\x05\x00\x84\x00\x01#\xe0\x00'
2021-07-10 18:50:33.214944,b'\x10 \x00\x04MQTT\x04\xc2\x00<\x00\x00\x00\x08username\x00\x08password\xa2\x05\x00\x84\x00\x03#\xe0\x00'
2021-07-10 18:50:33.320919,b'\x10 \x00\x04MQTT\x04\xc2\x00<\x00\x00\x00\x08username\x00\x08password\xa2\x05\x00\x85\x00\x01#'
2021-07-10 18:50:33.321024,b'\x10 \x00\x04MQTT\x04\xc2\x00<\x00\x00\x00\x08username\x00\x08password\xa2\x05\x00\x85\x01o#'
2021-07-10 18:50:33.323343,b'\xe0\x00'
2021-07-10 18:50:33.323410,b''
2021-07-10 18:50:33.435506,b'\x10 \x00\x04MQTT\x04\xc2\x00<\x00\x00\x00\x08username\x00\x08password\xa2\x05\x00\x86\x00\x01#\xe0\x00'
2021-07-10 18:50:33.435601,b'\x10 \x00\x04MQTT\x04\xc2\x00<\x00\x00\x00\x08username\x00\x08password\xa2\x05\x00\x86\x00\x0b#\xe0\x00'
2021-07-10 18:50:33.550442,b'\x10 \x00\x04MQTT\x04\xc2\x00<\x00\x00\x00\x08username\x00\x08password\xa2\x05\x00\x87\x00\x01#\xe0\x00'
2021-07-10 18:50:33.550538,b'\x10 \x00\x04MQTT\x04\xc2\x00<\x00\x00\x00\x08username\x00\x08password\xa2\x05\x00\x87\x01*#\xe0\x00'
2021-07-10 18:50:33.662726,b'\x10 \x00\x04MQTT\x04\xc2\x00<\x00\x00\x00\x08username\x00\x08password\xa2\x05\x00\x88\x00\x01#'
2021-07-10 18:50:33.662839,b'\x10 \x00\x04MQTT\x04\xc2\x00<\x00\x00\x00\x08username\x00\x08password\xa2\x05\x00\x88\x01\x0b#'
2021-07-10 18:50:33.665454,b'\xe0\x00'
2021-07-10 18:50:33.665538,b''
2021-07-10 18:50:33.776730,b'\x10 \x00\x04MQTT\x04\xc2\x00<\x00\x00\x00\x08username\x00\x08password\xa2\x05\x00\x89\x00\x01#'
2021-07-10 18:50:33.776828,b'\x10 \x00\x04MQTT\x04\xc2\x00<\x00\x00\x00\x08username\x00\x08password\xa2\x05\x00\x89\x00@#'
2021-07-10 18:50:33.777758,b'\xe0\x00'
2021-07-10 18:50:33.777817,b''
2021-07-10 18:50:33.890054,b'\x10 \x00\x04MQTT\x04\xc2\x00<\x00\x00\x00\x08username\x00\x08password\xa2\x05\x00\x8a\x00\x01#\xe0\x00'
2021-07-10 18:50:33.890148,b'\x10 \x00\x04MQTT\x04\xc2\x00<\x00\x00\x00\x08username\x00\x08password\xa2\x05\x00\x8a\x018#\xe0\x00'
2021-07-10 18:50:33.993305,b'\x10 \x00\x04MQTT\x04\xc2\x00<\x00\x00\x00\x08username\x00\x08password\xa2\x05\x00\x8b\x00\x01#\xe0\x00'
2021-07-10 18:50:33.993430,b'\x10 \x00\x04MQTT\x04\xc2\x00<\x00\x00\x00\x08username\x00\x08password\xa2\x05\x00\x8b\x01<#\xe0\x00'
2021-07-10 18:50:34.106540,b'\x10 \x00\x04MQTT\x04\xc2\x00<\x00\x00\x00\x08username\x00\x08password\xa2\x05\x00\x8c\x00\x01#'
2021-07-10 18:50:34.106673,b'\x10 \x00\x04MQTT\x04\xc2\x00<\x00\x00\x00\x08username\x00\x08password\xa2\x05\x00\x8c\x01\x88#'
2021-07-10 18:50:34.108377,b'\xe0\x00'
2021-07-10 18:50:34.108458,b''
2021-07-10 18:50:34.219865,b'\x10 \x00\x04MQTT\x04\xc2\x00<\x00\x00\x00\x08username\x00\x08password\xa2\x05\x00\x8d\x00\x01#'
2021-07-10 18:50:34.219959,"b""\x10 \x00\x04MQTT\x04\xc2\x00<\x00\x00\x00\x08username\x00\x08password\xa2\x05\x00\x8d\x00'#"""
2021-07-10 18:50:34.220895,b'\xe0\x00'
2021-07-10 18:50:34.220952,b''
2021-07-10 18:50:34.328586,b'\x10 \x00\x04MQTT\x04\xc2\x00<\x00\x00\x00\x08username\x00\x08password\xa2\x05\x00\x8e\x00\x01#\xe0\x00'
2021-07-10 18:50:34.329009,b'\x10 \x00\x04MQTT\x04\xc2\x00<\x00\x00\x00\x08username\x00\x08password\xa2\x05\x00\x8e\x00\xa2#\xe0\x00'
2021-07-10 18:50:34.445120,b'\x10 \x00\x04MQTT\x04\xc2\x00<\x00\x00\x00\x08username\x00\x08password\xa2\x05\x00\x8f\x00\x01#'
2021-07-10 18:50:34.445263,b'\x10 \x00\x04MQTT\x04\xc2\x00<\x00\x00\x00\x08username\x00\x08password\xa2\x05\x00\x8f\x00\xa1#'
2021-07-10 18:50:34.449318,b'\xe0\x00'
2021-07-10 18:50:34.449494,b''
2021-07-10 18:50:34.558787,b'\x10 \x00\x04MQTT\x04\xc2\x00<\x00\x00\x00\x08username\x00\x08password\xa2\x05\x00\x90\x00\x01#'
2021-07-10 18:50:34.558896,b'\x10 \x00\x04MQTT\x04\xc2\x00<\x00\x00\x00\x08username\x00\x08password\xa2\x05\x00\x90\x00Y#'
2021-07-10 18:50:34.559954,b'\xe0\x00'
2021-07-10 18:50:34.560018,b''
2021-07-10 18:50:34.672109,b'\x10 \x00\x04MQTT\x04\xc2\x00<\x00\x00\x00\x08username\x00\x08password\xa2\x05\x00\x91\x00\x01#'
2021-07-10 18:50:34.672230,b'\x10 \x00\x04MQTT\x04\xc2\x00<\x00\x00\x00\x08username\x00\x08password\xa2\x05\x00\x91\x00\xab#'
2021-07-10 18:50:34.673732,b'\xe0\x00'
2021-07-10 18:50:34.673789,b''
2021-07-10 18:50:34.781256,b'\x10 \x00\x04MQTT\x04\xc2\x00<\x00\x00\x00\x08username\x00\x08password\xa2\x05\x00\x92\x00\x01#\xe0\x00'
2021-07-10 18:50:34.781338,b'\x10 \x00\x04MQTT\x04\xc2\x00<\x00\x00\x00\x08username\x00\x08password\xa2\x05\x00\x92\x01\x14#\xe0\x00'
2021-07-10 18:50:34.888805,b'\x10 \x00\x04MQTT\x04\xc2\x00<\x00\x00\x00\x08username\x00\x08password\xa2\x05\x00\x93\x00\x01#'
2021-07-10 18:50:34.888912,"b'\x10 \x00\x04MQTT\x04\xc2\x00<\x00\x00\x00\x08username\x00\x08password\xa2\x05\x00\x93\x00""#'"
2021-07-10 18:50:34.889838,b'\xe0\x00'
2021-07-10 18:50:34.889943,b''
2021-07-10 18:50:35.001858,b'\x10 \x00\x04MQTT\x04\xc2\x00<\x00\x00\x00\x08username\x00\x08password\xa2\x05\x00\x94\x00\x01#'
2021-07-10 18:50:35.001978,b'\x10 \x00\x04MQTT\x04\xc2\x00<\x00\x00\x00\x08username\x00\x08password\xa2\x05\x00\x94\x01M#'
2021-07-10 18:50:35.002881,b'\xe0\x00'
2021-07-10 18:50:35.002936,b''
2021-07-10 18:50:35.114962,b'\x10 \x00\x04MQTT\x04\xc2\x00<\x00\x00\x00\x08username\x00\x08password\xa2\x05\x00\x95\x00\x01#'
2021-07-10 18:50:35.115087,b'\x10 \x00\x04MQTT\x04\xc2\x00<\x00\x00\x00\x08username\x00\x08password\xa2\x05\x00\x95\x01\x04#'
2021-07-10 18:50:35.115978,b'\xe0\x00'
2021-07-10 18:50:35.116045,b''
2021-07-10 18:50:35.228338,b'\x10 \x00\x04MQTT\x04\xc2\x00<\x00\x00\x00\x08username\x00\x08password\xa2\x05\x00\x96\x00\x01#\xe0\x00'
2021-07-10 18:50:35.228442,b'\x10 \x00\x04MQTT\x04\xc2\x00<\x00\x00\x00\x08username\x00\x08password\xa2\x05\x00\x96\x00\x0f#\xe0\x00'
2021-07-10 18:50:35.343707,b'\x10 \x00\x04MQTT\x04\xc2\x00<\x00\x00\x00\x08username\x00\x08password\xa2\x05\x00\x97\x00\x01#\xe0\x00'
2021-07-10 18:50:35.343801,b'\x10 \x00\x04MQTT\x04\xc2\x00<\x00\x00\x00\x08username\x00\x08password\xa2\x05\x00\x97\x00\xbe#\xe0\x00'
2021-07-10 18:50:35.454971,b'\x10 \x00\x04MQTT\x04\xc2\x00<\x00\x00\x00\x08username\x00\x08password\xa2\x05\x00\x98\x00\x01#'
2021-07-10 18:50:35.455072,b'\x10 \x00\x04MQTT\x04\xc2\x00<\x00\x00\x00\x08username\x00\x08password\xa2\x05\x00\x98\x007#'
2021-07-10 18:50:35.457432,b'\xe0\x00'
2021-07-10 18:50:35.457501,b''
2021-07-10 18:50:35.568879,b'\x10 \x00\x04MQTT\x04\xc2\x00<\x00\x00\x00\x08username\x00\x08password\xa2\x05\x00\x99\x00\x01#'
2021-07-10 18:50:35.568977,b'\x10 \x00\x04MQTT\x04\xc2\x00<\x00\x00\x00\x08username\x00\x08password\xa2\x05\x00\x99\x00\x9b#'
2021-07-10 18:50:35.570308,b'\xe0\x00'
2021-07-10 18:50:35.570368,b''
2021-07-10 18:50:35.682309,b'\x10 \x00\x04MQTT\x04\xc2\x00<\x00\x00\x00\x08username\x00\x08password\xa2\x05\x00\x9a\x00\x01#'
2021-07-10 18:50:35.682404,b'\x10 \x00\x04MQTT\x04\xc2\x00<\x00\x00\x00\x08username\x00\x08password\xa2\x05\x00\x9a\x00\x94#'
2021-07-10 18:50:35.683345,b'\xe0\x00'
2021-07-10 18:50:35.683399,b''
2021-07-10 18:50:35.795558,b'\x10 \x00\x04MQTT\x04\xc2\x00<\x00\x00\x00\x08username\x00\x08password\xa2\x05\x00\x9b\x00\x01#'
2021-07-10 18:50:35.795662,b'\x10 \x00\x04MQTT\x04\xc2\x00<\x00\x00\x00\x08username\x00\x08password\xa2\x05\x00\x9b\x01%#'
2021-07-10 18:50:35.797810,b'\xe0\x00'
2021-07-10 18:50:35.797874,b''
2021-07-10 18:50:35.908540,b'\x10 \x00\x04MQTT\x04\xc2\x00<\x00\x00\x00\x08username\x00\x08password\xa2\x05\x00\x9c\x00\x01#'
2021-07-10 18:50:35.908641,b'\x10 \x00\x04MQTT\x04\xc2\x00<\x00\x00\x00\x08username\x00\x08password\xa2\x05\x00\x9c\x01-#'
2021-07-10 18:50:35.909650,b'\xe0\x00'
2021-07-10 18:50:35.909711,b''
2021-07-10 18:50:36.021822,b'\x10 \x00\x04MQTT\x04\xc2\x00<\x00\x00\x00\x08username\x00\x08password\xa2\x05\x00\x9d\x00\x01#'
2021-07-10 18:50:36.021944,b'\x10 \x00\x04MQTT\x04\xc2\x00<\x00\x00\x00\x08username\x00\x08password\xa2\x05\x00\x9d\x00\x84#'
2021-07-10 18:50:36.022914,b'\xe0\x00'
2021-07-10 18:50:36.022976,b''
2021-07-10 18:50:36.138317,b'\x10 \x00\x04MQTT\x04\xc2\x00<\x00\x00\x00\x08username\x00\x08password\xa2\x05\x00\x9e\x00\x01#\xe0\x00'
2021-07-10 18:50:36.138412,b'\x10 \x00\x04MQTT\x04\xc2\x00<\x00\x00\x00\x08username\x00\x08password\xa2\x05\x00\x9e\x00f#\xe0\x00'
2021-07-10 18:50:36.248285,b'\x10 \x00\x04MQTT\x04\xc2\x00<\x00\x00\x00\x08username\x00\x08password\xa2\x05\x00\x9f\x00\x01#'
2021-07-10 18:50:36.248393,b'\x10 \x00\x04MQTT\x04\xc2\x00<\x00\x00\x00\x08username\x00\x08password\xa2\x05\x00\x9f\x01\x19#'
2021-07-10 18:50:36.249981,b'\xe0\x00'
2021-07-10 18:50:36.250040,b''
2021-07-10 18:50:36.372450,b'\x10 \x00\x04MQTT\x04\xc2\x00<\x00\x00\x00\x08username\x00\x08password\xa2\x05\x00\xa0\x00\x01#\xe0\x00'
2021-07-10 18:50:36.372553,b'\x10 \x00\x04MQTT\x04\xc2\x00<\x00\x00\x00\x08username\x00\x08password\xa2\x05\x00\xa0\x00i#\xe0\x00'
2021-07-10 18:50:36.474733,b'\x10 \x00\x04MQTT\x04\xc2\x00<\x00\x00\x00\x08username\x00\x08password\xa2\x05\x00\xa1\x00\x01#'
2021-07-10 18:50:36.474825,b'\x10 \x00\x04MQTT\x04\xc2\x00<\x00\x00\x00\x08username\x00\x08password\xa2\x05\x00\xa1\x01-#'
2021-07-10 18:50:36.479982,b'\xe0\x00'
2021-07-10 18:50:36.480047,b''
2021-07-10 18:50:36.581498,b'\x10 \x00\x04MQTT\x04\xc2\x00<\x00\x00\x00\x08username\x00\x08password\xa2\x05\x00\xa2\x00\x01#\xe0\x00'
2021-07-10 18:50:36.581618,b'\x10 \x00\x04MQTT\x04\xc2\x00<\x00\x00\x00\x08username\x00\x08password\xa2\x05\x00\xa2\x00~#\xe0\x00'
2021-07-10 18:50:36.682241,b'\x10 \x00\x04MQTT\x04\xc2\x00<\x00\x00\x00\x08username\x00\x08password\xa2\x05\x00\xa3\x00\x01#\xe0\x00'
2021-07-10 18:50:36.682330,b'\x10 \x00\x04MQTT\x04\xc2\x00<\x00\x00\x00\x08username\x00\x08password\xa2\x05\x00\xa3\x00\xd7#\xe0\x00'
2021-07-10 18:50:36.794944,b'\x10 \x00\x04MQTT\x04\xc2\x00<\x00\x00\x00\x08username\x00\x08password\xa2\x05\x00\xa4\x00\x01#'
2021-07-10 18:50:36.795036,b'\x10 \x00\x04MQTT\x04\xc2\x00<\x00\x00\x00\x08username\x00\x08password\xa2\x05\x00\xa4\x00\xaf#'
2021-07-10 18:50:36.796879,b'\xe0\x00'
2021-07-10 18:50:36.796941,b''
2021-07-10 18:50:36.908151,b'\x10 \x00\x04MQTT\x04\xc2\x00<\x00\x00\x00\x08username\x00\x08password\xa2\x05\x00\xa5\x00\x01#\xe0\x00'
2021-07-10 18:50:36.908246,b'\x10 \x00\x04MQTT\x04\xc2\x00<\x00\x00\x00\x08username\x00\x08password\xa2\x05\x00\xa5\x00F#\xe0\x00'
2021-07-10 18:50:37.021321,b'\x10 \x00\x04MQTT\x04\xc2\x00<\x00\x00\x00\x08username\x00\x08password\xa2\x05\x00\xa6\x00\x01#'
2021-07-10 18:50:37.021414,b'\x10 \x00\x04MQTT\x04\xc2\x00<\x00\x00\x00\x08username\x00\x08password\xa2\x05\x00\xa6\x00\xda#'
2021-07-10 18:50:37.022745,b'\xe0\x00'
2021-07-10 18:50:37.022803,b''
2021-07-10 18:50:37.134581,b'\x10 \x00\x04MQTT\x04\xc2\x00<\x00\x00\x00\x08username\x00\x08password\xa2\x05\x00\xa7\x00\x01#'
2021-07-10 18:50:37.134675,b'\x10 \x00\x04MQTT\x04\xc2\x00<\x00\x00\x00\x08username\x00\x08password\xa2\x05\x00\xa7\x00\xa6#'
2021-07-10 18:50:37.135749,b'\xe0\x00'
2021-07-10 18:50:37.135805,b''
2021-07-10 18:50:37.247754,b'\x10 \x00\x04MQTT\x04\xc2\x00<\x00\x00\x00\x08username\x00\x08password\xa2\x05\x00\xa8\x00\x01#'
2021-07-10 18:50:37.247944,b'\x10 \x00\x04MQTT\x04\xc2\x00<\x00\x00\x00\x08username\x00\x08password\xa2\x05\x00\xa8\x00\xa4#'
2021-07-10 18:50:37.252161,b'\xe0\x00'
2021-07-10 18:50:37.252239,b''
2021-07-10 18:50:37.361020,b'\x10 \x00\x04MQTT\x04\xc2\x00<\x00\x00\x00\x08username\x00\x08password\xa2\x05\x00\xa9\x00\x01#'
2021-07-10 18:50:37.361129,b'\x10 \x00\x04MQTT\x04\xc2\x00<\x00\x00\x00\x08username\x00\x08password\xa2\x05\x00\xa9\x00\xf4#'
2021-07-10 18:50:37.363227,b'\xe0\x00'
2021-07-10 18:50:37.363292,b''
2021-07-10 18:50:37.474057,b'\x10 \x00\x04MQTT\x04\xc2\x00<\x00\x00\x00\x08username\x00\x08password\xa2\x05\x00\xaa\x00\x01#'
2021-07-10 18:50:37.474154,b'\x10 \x00\x04MQTT\x04\xc2\x00<\x00\x00\x00\x08username\x00\x08password\xa2\x05\x00\xaa\x01\x14#'
2021-07-10 18:50:37.474977,b'\xe0\x00'
2021-07-10 18:50:37.475044,b''
2021-07-10 18:50:37.591374,b'\x10 \x00\x04MQTT\x04\xc2\x00<\x00\x00\x00\x08username\x00\x08password\xa2\x05\x00\xab\x00\x01#\xe0\x00'
2021-07-10 18:50:37.591470,b'\x10 \x00\x04MQTT\x04\xc2\x00<\x00\x00\x00\x08username\x00\x08password\xa2\x05\x00\xab\x00\xb7#\xe0\x00'
2021-07-10 18:50:37.700622,b'\x10 \x00\x04MQTT\x04\xc2\x00<\x00\x00\x00\x08username\x00\x08password\xa2\x05\x00\xac\x00\x01#'
2021-07-10 18:50:37.700716,b'\x10 \x00\x04MQTT\x04\xc2\x00<\x00\x00\x00\x08username\x00\x08password\xa2\x05\x00\xac\x00\xa1#'
2021-07-10 18:50:37.701909,b'\xe0\x00'
2021-07-10 18:50:37.701965,b''
2021-07-10 18:50:37.808338,b'\x10 \x00\x04MQTT\x04\xc2\x00<\x00\x00\x00\x08username\x00\x08password\xa2\x05\x00\xad\x00\x01#\xe0\x00'
2021-07-10 18:50:37.808429,b'\x10 \x00\x04MQTT\x04\xc2\x00<\x00\x00\x00\x08username\x00\x08password\xa2\x05\x00\xad\x01E#\xe0\x00'
2021-07-10 18:50:37.917238,b'\x10 \x00\x04MQTT\x04\xc2\x00<\x00\x00\x00\x08username\x00\x08password\xa2\x05\x00\xae\x00\x01#'
2021-07-10 18:50:37.917373,b'\x10 \x00\x04MQTT\x04\xc2\x00<\x00\x00\x00\x08username\x00\x08password\xa2\x05\x00\xae\x015#'
2021-07-10 18:50:37.919534,b'\xe0\x00'
2021-07-10 18:50:37.919593,b''
2021-07-10 18:50:38.044506,b'\x10 \x00\x04MQTT\x04\xc2\x00<\x00\x00\x00\x08username\x00\x08password\xa2\x05\x00\xaf\x00\x01#\xe0\x00'
2021-07-10 18:50:38.044605,b'\x10 \x00\x04MQTT\x04\xc2\x00<\x00\x00\x00\x08username\x00\x08password\xa2\x05\x00\xaf\x00\xed#\xe0\x00'
2021-07-10 18:50:38.144922,b'\x10 \x00\x04MQTT\x04\xc2\x00<\x00\x00\x00\x08username\x00\x08password\xa2\x05\x00\xb0\x00\x01#\xe0\x00'
2021-07-10 18:50:38.145009,"b""\x10 \x00\x04MQTT\x04\xc2\x00<\x00\x00\x00\x08username\x00\x08password\xa2\x05\x00\xb0\x00'#\xe0\x00"""
2021-07-10 18:50:38.257927,b'\x10 \x00\x04MQTT\x04\xc2\x00<\x00\x00\x00\x08username\x00\x08password\xa2\x05\x00\xb1\x00\x01#'
2021-07-10 18:50:38.258025,b'\x10 \x00\x04MQTT\x04\xc2\x00<\x00\x00\x00\x08username\x00\x08password\xa2\x05\x00\xb1\x00Z#'
2021-07-10 18:50:38.259367,b'\xe0\x00'
2021-07-10 18:50:38.259425,b''
2021-07-10 18:50:38.371372,b'\x10 \x00\x04MQTT\x04\xc2\x00<\x00\x00\x00\x08username\x00\x08password\xa2\x05\x00\xb2\x00\x01#'
2021-07-10 18:50:38.371468,b'\x10 \x00\x04MQTT\x04\xc2\x00<\x00\x00\x00\x08username\x00\x08password\xa2\x05\x00\xb2\x01\x10#'
2021-07-10 18:50:38.372575,b'\xe0\x00'
2021-07-10 18:50:38.372655,b''
2021-07-10 18:50:38.474682,b'\x10 \x00\x04MQTT\x04\xc2\x00<\x00\x00\x00\x08username\x00\x08password\xa2\x05\x00\xb3\x00\x01#\xe0\x00'
2021-07-10 18:50:38.474774,b'\x10 \x00\x04MQTT\x04\xc2\x00<\x00\x00\x00\x08username\x00\x08password\xa2\x05\x00\xb3\x01\x01#\xe0\x00'
2021-07-10 18:50:38.588349,b'\x10 \x00\x04MQTT\x04\xc2\x00<\x00\x00\x00\x08username\x00\x08password\xa2\x05\x00\xb4\x00\x01#\xe0\x00'
2021-07-10 18:50:38.588445,b'\x10 \x00\x04MQTT\x04\xc2\x00<\x00\x00\x00\x08username\x00\x08password\xa2\x05\x00\xb4\x00l#\xe0\x00'
2021-07-10 18:50:38.701425,b'\x10 \x00\x04MQTT\x04\xc2\x00<\x00\x00\x00\x08username\x00\x08password\xa2\x05\x00\xb5\x00\x01#'
2021-07-10 18:50:38.701529,b'\x10 \x00\x04MQTT\x04\xc2\x00<\x00\x00\x00\x08username\x00\x08password\xa2\x05\x00\xb5\x018#'
2021-07-10 18:50:38.718398,b'\xe0\x00'
2021-07-10 18:50:38.718526,b''
2021-07-10 18:50:38.815694,b'\x10 \x00\x04MQTT\x04\xc2\x00<\x00\x00\x00\x08username\x00\x08password\xa2\x05\x00\xb6\x00\x01#\xe0\x00'
2021-07-10 18:50:38.815847,b'\x10 \x00\x04MQTT\x04\xc2\x00<\x00\x00\x00\x08username\x00\x08password\xa2\x05\x00\xb6\x01G#\xe0\x00'
2021-07-10 18:50:38.928506,b'\x10 \x00\x04MQTT\x04\xc2\x00<\x00\x00\x00\x08username\x00\x08password\xa2\x05\x00\xb7\x00\x01#'
2021-07-10 18:50:38.928598,b'\x10 \x00\x04MQTT\x04\xc2\x00<\x00\x00\x00\x08username\x00\x08password\xa2\x05\x00\xb7\x00\x1f#'
2021-07-10 18:50:38.932907,b'\xe0\x00'
2021-07-10 18:50:38.932982,b''
2021-07-10 18:50:39.044772,b'\x10 \x00\x04MQTT\x04\xc2\x00<\x00\x00\x00\x08username\x00\x08password\xa2\x05\x00\xb8\x00\x01#\xe0\x00'
2021-07-10 18:50:39.044903,b'\x10 \x00\x04MQTT\x04\xc2\x00<\x00\x00\x00\x08username\x00\x08password\xa2\x05\x00\xb8\x00\x87#\xe0\x00'
2021-07-10 18:50:39.156223,b'\x10 \x00\x04MQTT\x04\xc2\x00<\x00\x00\x00\x08username\x00\x08password\xa2\x05\x00\xb9\x00\x01#\xe0\x00'
2021-07-10 18:50:39.156319,b'\x10 \x00\x04MQTT\x04\xc2\x00<\x00\x00\x00\x08username\x00\x08password\xa2\x05\x00\xb9\x00\xd5#\xe0\x00'
2021-07-10 18:50:39.268055,b'\x10 \x00\x04MQTT\x04\xc2\x00<\x00\x00\x00\x08username\x00\x08password\xa2\x05\x00\xba\x00\x01#'
2021-07-10 18:50:39.268181,b'\x10 \x00\x04MQTT\x04\xc2\x00<\x00\x00\x00\x08username\x00\x08password\xa2\x05\x00\xba\x00\x1e#'
2021-07-10 18:50:39.272458,b'\xe0\x00'
2021-07-10 18:50:39.272527,b''
2021-07-10 18:50:39.371542,b'\x10 \x00\x04MQTT\x04\xc2\x00<\x00\x00\x00\x08username\x00\x08password\xa2\x05\x00\xbb\x00\x01#\xe0\x00'
2021-07-10 18:50:39.371636,b'\x10 \x00\x04MQTT\x04\xc2\x00<\x00\x00\x00\x08username\x00\x08password\xa2\x05\x00\xbb\x00\x89#\xe0\x00'
2021-07-10 18:50:39.484841,b'\x10 \x00\x04MQTT\x04\xc2\x00<\x00\x00\x00\x08username\x00\x08password\xa2\x05\x00\xbc\x00\x01#'
2021-07-10 18:50:39.484947,b'\x10 \x00\x04MQTT\x04\xc2\x00<\x00\x00\x00\x08username\x00\x08password\xa2\x05\x00\xbc\x00\xc2#'
2021-07-10 18:50:39.486071,b'\xe0\x00'
2021-07-10 18:50:39.486132,b''
2021-07-10 18:50:39.598267,b'\x10 \x00\x04MQTT\x04\xc2\x00<\x00\x00\x00\x08username\x00\x08password\xa2\x05\x00\xbd\x00\x01#\xe0\x00'
2021-07-10 18:50:39.598377,b'\x10 \x00\x04MQTT\x04\xc2\x00<\x00\x00\x00\x08username\x00\x08password\xa2\x05\x00\xbd\x00\xe3#\xe0\x00'
2021-07-10 18:50:39.711310,b'\x10 \x00\x04MQTT\x04\xc2\x00<\x00\x00\x00\x08username\x00\x08password\xa2\x05\x00\xbe\x00\x01#'
2021-07-10 18:50:39.711401,b'\x10 \x00\x04MQTT\x04\xc2\x00<\x00\x00\x00\x08username\x00\x08password\xa2\x05\x00\xbe\x00\xda#'
2021-07-10 18:50:39.712337,b'\xe0\x00'
2021-07-10 18:50:39.712393,b''
2021-07-10 18:50:39.825723,b'\x10 \x00\x04MQTT\x04\xc2\x00<\x00\x00\x00\x08username\x00\x08password\xa2\x05\x00\xbf\x00\x01#\xe0\x00'
2021-07-10 18:50:39.825821,b'\x10 \x00\x04MQTT\x04\xc2\x00<\x00\x00\x00\x08username\x00\x08password\xa2\x05\x00\xbf\x00\xd1#\xe0\x00'
2021-07-10 18:50:39.937802,b'\x10 \x00\x04MQTT\x04\xc2\x00<\x00\x00\x00\x08username\x00\x08password\xa2\x05\x00\xc0\x00\x01#'
2021-07-10 18:50:39.937895,b'\x10 \x00\x04MQTT\x04\xc2\x00<\x00\x00\x00\x08username\x00\x08password\xa2\x05\x00\xc0\x018#'
2021-07-10 18:50:39.939901,b'\xe0\x00'
2021-07-10 18:50:39.939963,b''
2021-07-10 18:50:40.052757,b'\x10 \x00\x04MQTT\x04\xc2\x00<\x00\x00\x00\x08username\x00\x08password\xa2\x05\x00\xc1\x00\x01#\xe0\x00'
2021-07-10 18:50:40.052878,b'\x10 \x00\x04MQTT\x04\xc2\x00<\x00\x00\x00\x08username\x00\x08password\xa2\x05\x00\xc1\x00D#\xe0\x00'
2021-07-10 18:50:40.165256,b'\x10 \x00\x04MQTT\x04\xc2\x00<\x00\x00\x00\x08username\x00\x08password\xa2\x05\x00\xc2\x00\x01#'
2021-07-10 18:50:40.165363,b'\x10 \x00\x04MQTT\x04\xc2\x00<\x00\x00\x00\x08username\x00\x08password\xa2\x05\x00\xc2\x00\x19#'
2021-07-10 18:50:40.168836,b'\xe0\x00'
2021-07-10 18:50:40.171858,b''
2021-07-10 18:50:40.278567,b'\x10 \x00\x04MQTT\x04\xc2\x00<\x00\x00\x00\x08username\x00\x08password\xa2\x05\x00\xc3\x00\x01#\xe0\x00'
2021-07-10 18:50:40.278661,b'\x10 \x00\x04MQTT\x04\xc2\x00<\x00\x00\x00\x08username\x00\x08password\xa2\x05\x00\xc3\x00\xf2#\xe0\x00'
2021-07-10 18:50:40.398813,b'\x10 \x00\x04MQTT\x04\xc2\x00<\x00\x00\x00\x08username\x00\x08password\xa2\x05\x00\xc4\x00\x01#\xe0\x00'
2021-07-10 18:50:40.398934,b'\x10 \x00\x04MQTT\x04\xc2\x00<\x00\x00\x00\x08username\x00\x08password\xa2\x05\x00\xc4\x01$#\xe0\x00'
2021-07-10 18:50:40.505925,b'\x10 \x00\x04MQTT\x04\xc2\x00<\x00\x00\x00\x08username\x00\x08password\xa2\x05\x00\xc5\x00\x01#'
2021-07-10 18:50:40.506024,b'\x10 \x00\x04MQTT\x04\xc2\x00<\x00\x00\x00\x08username\x00\x08password\xa2\x05\x00\xc5\x01$#'
2021-07-10 18:50:40.507182,b'\xe0\x00'
2021-07-10 18:50:40.507238,b''
2021-07-10 18:50:40.622034,b'\x10 \x00\x04MQTT\x04\xc2\x00<\x00\x00\x00\x08username\x00\x08password\xa2\x05\x00\xc6\x00\x01#\xe0\x00'
2021-07-10 18:50:40.639667,b'\x10 \x00\x04MQTT\x04\xc2\x00<\x00\x00\x00\x08username\x00\x08password\xa2\x05\x00\xc6\x00!#\xe0\x00'
2021-07-10 18:50:40.734192,b'\x10 \x00\x04MQTT\x04\xc2\x00<\x00\x00\x00\x08username\x00\x08password\xa2\x05\x00\xc7\x00\x01#'
2021-07-10 18:50:40.734287,b'\x10 \x00\x04MQTT\x04\xc2\x00<\x00\x00\x00\x08username\x00\x08password\xa2\x05\x00\xc7\x00\x9a#'
2021-07-10 18:50:40.735205,b'\xe0\x00'
2021-07-10 18:50:40.735255,b''
2021-07-10 18:50:40.838063,b'\x10 \x00\x04MQTT\x04\xc2\x00<\x00\x00\x00\x08username\x00\x08password\xa2\x05\x00\xc8\x00\x01#\xe0\x00'
2021-07-10 18:50:40.838166,b'\x10 \x00\x04MQTT\x04\xc2\x00<\x00\x00\x00\x08username\x00\x08password\xa2\x05\x00\xc8\x01m#\xe0\x00'
2021-07-10 18:50:40.950792,b'\x10 \x00\x04MQTT\x04\xc2\x00<\x00\x00\x00\x08username\x00\x08password\xa2\x11\x00\xc9\x00\rhouse/+/light'
2021-07-10 18:50:40.950888,b'\x10 \x00\x04MQTT\x04\xc2\x00<\x00\x00\x00\x08username\x00\x08password\xa2\x11\x00\xc9\x00zhouse/+/light'
2021-07-10 18:50:40.951874,b'\xe0\x00'
2021-07-10 18:50:40.951932,b''
2021-07-10 18:50:41.064094,b'\x10 \x00\x04MQTT\x04\xc2\x00<\x00\x00\x00\x08username\x00\x08password\xa2\x11\x00\xca\x00\rhouse/+/light'
2021-07-10 18:50:41.064189,b'\x10 \x00\x04MQTT\x04\xc2\x00<\x00\x00\x00\x08username\x00\x08password\xa2\x11\x00\xca\x00\x9dhouse/+/light'
2021-07-10 18:50:41.065183,b'\xe0\x00'
2021-07-10 18:50:41.065234,b''
2021-07-10 18:50:41.167670,b'\x10 \x00\x04MQTT\x04\xc2\x00<\x00\x00\x00\x08username\x00\x08password\xa2\x11\x00\xcb\x00\rhouse/+/light\xe0\x00'
2021-07-10 18:50:41.167789,b'\x10 \x00\x04MQTT\x04\xc2\x00<\x00\x00\x00\x08username\x00\x08password\xa2\x11\x00\xcb\x01\x1bhouse/+/light\xe0\x00'
2021-07-10 18:50:41.280740,b'\x10 \x00\x04MQTT\x04\xc2\x00<\x00\x00\x00\x08username\x00\x08password\xa2\x11\x00\xcc\x00\rhouse/+/light'
2021-07-10 18:50:41.280862,b'\x10 \x00\x04MQTT\x04\xc2\x00<\x00\x00\x00\x08username\x00\x08password\xa2\x11\x00\xcc\x00]house/+/light'
2021-07-10 18:50:41.283101,b'\xe0\x00'
2021-07-10 18:50:41.283164,b''
2021-07-10 18:50:41.394260,b'\x10 \x00\x04MQTT\x04\xc2\x00<\x00\x00\x00\x08username\x00\x08password\xa2\x11\x00\xcd\x00\rhouse/+/light'
2021-07-10 18:50:41.394369,b'\x10 \x00\x04MQTT\x04\xc2\x00<\x00\x00\x00\x08username\x00\x08password\xa2\x11\x00\xcd\x00uhouse/+/light'
2021-07-10 18:50:41.395179,b'\xe0\x00'
2021-07-10 18:50:41.395233,b''
2021-07-10 18:50:41.509148,b'\x10 \x00\x04MQTT\x04\xc2\x00<\x00\x00\x00\x08username\x00\x08password\xa2\x11\x00\xce\x00\rhouse/+/light\xe0\x00'
2021-07-10 18:50:41.509242,b'\x10 \x00\x04MQTT\x04\xc2\x00<\x00\x00\x00\x08username\x00\x08password\xa2\x11\x00\xce\x008house/+/light\xe0\x00'
2021-07-10 18:50:41.622324,b'\x10 \x00\x04MQTT\x04\xc2\x00<\x00\x00\x00\x08username\x00\x08password\xa2\x11\x00\xcf\x00\rhouse/+/light'
2021-07-10 18:50:41.622475,b'\x10 \x00\x04MQTT\x04\xc2\x00<\x00\x00\x00\x08username\x00\x08password\xa2\x11\x00\xcf\x01xhouse/+/light'
2021-07-10 18:50:41.623580,b'\xe0\x00'
2021-07-10 18:50:41.623632,b''
2021-07-10 18:50:41.735775,b'\x10 \x00\x04MQTT\x04\xc2\x00<\x00\x00\x00\x08username\x00\x08password\xa2\x11\x00\xd0\x00\rhouse/+/light\xe0\x00'
2021-07-10 18:50:41.735926,b'\x10 \x00\x04MQTT\x04\xc2\x00<\x00\x00\x00\x08username\x00\x08password\xa2\x11\x00\xd0\x00\xe7house/+/light\xe0\x00'
2021-07-10 18:50:41.856891,b'\x10 \x00\x04MQTT\x04\xc2\x00<\x00\x00\x00\x08username\x00\x08password\xa2\x11\x00\xd1\x00\rhouse/+/light\xe0\x00'
2021-07-10 18:50:41.856984,b'\x10 \x00\x04MQTT\x04\xc2\x00<\x00\x00\x00\x08username\x00\x08password\xa2\x11\x00\xd1\x00\x83house/+/light\xe0\x00'
2021-07-10 18:50:41.961927,b'\x10 \x00\x04MQTT\x04\xc2\x00<\x00\x00\x00\x08username\x00\x08password\xa2\x11\x00\xd2\x00\rhouse/+/light'
2021-07-10 18:50:41.962023,b'\x10 \x00\x04MQTT\x04\xc2\x00<\x00\x00\x00\x08username\x00\x08password\xa2\x11\x00\xd2\x00\x9ahouse/+/light'
2021-07-10 18:50:41.963094,b'\xe0\x00'
2021-07-10 18:50:41.963179,b''
2021-07-10 18:50:42.078316,b'\x10 \x00\x04MQTT\x04\xc2\x00<\x00\x00\x00\x08username\x00\x08password\xa2\x11\x00\xd3\x00\rhouse/+/light\xe0\x00'
2021-07-10 18:50:42.078416,b'\x10 \x00\x04MQTT\x04\xc2\x00<\x00\x00\x00\x08username\x00\x08password\xa2\x11\x00\xd3\x00\xf3house/+/light\xe0\x00'
2021-07-10 18:50:42.195474,b'\x10 \x00\x04MQTT\x04\xc2\x00<\x00\x00\x00\x08username\x00\x08password\xa2\x11\x00\xd4\x00\rhouse/+/light\xe0\x00'
2021-07-10 18:50:42.195561,b'\x10 \x00\x04MQTT\x04\xc2\x00<\x00\x00\x00\x08username\x00\x08password\xa2\x11\x00\xd4\x00\xe8house/+/light\xe0\x00'
2021-07-10 18:50:42.301693,b'\x10 \x00\x04MQTT\x04\xc2\x00<\x00\x00\x00\x08username\x00\x08password\xa2\x11\x00\xd5\x00\rhouse/+/light'
2021-07-10 18:50:42.301800,b'\x10 \x00\x04MQTT\x04\xc2\x00<\x00\x00\x00\x08username\x00\x08password\xa2\x11\x00\xd5\x00\xc8house/+/light'
2021-07-10 18:50:42.303930,b'\xe0\x00'
2021-07-10 18:50:42.303986,b''
2021-07-10 18:50:42.414951,b'\x10 \x00\x04MQTT\x04\xc2\x00<\x00\x00\x00\x08username\x00\x08password\xa2\x11\x00\xd6\x00\rhouse/+/light'
2021-07-10 18:50:42.415042,b'\x10 \x00\x04MQTT\x04\xc2\x00<\x00\x00\x00\x08username\x00\x08password\xa2\x11\x00\xd6\x00\nhouse/+/light'
2021-07-10 18:50:42.417316,b'\xe0\x00'
2021-07-10 18:50:42.417382,b''
2021-07-10 18:50:42.528154,b'\x10 \x00\x04MQTT\x04\xc2\x00<\x00\x00\x00\x08username\x00\x08password\xa2\x11\x00\xd7\x00\rhouse/+/light'
2021-07-10 18:50:42.528246,b'\x10 \x00\x04MQTT\x04\xc2\x00<\x00\x00\x00\x08username\x00\x08password\xa2\x11\x00\xd7\x00?house/+/light'
2021-07-10 18:50:42.529111,b'\xe0\x00'
2021-07-10 18:50:42.529167,b''
2021-07-10 18:50:42.641399,b'\x10 \x00\x04MQTT\x04\xc2\x00<\x00\x00\x00\x08username\x00\x08password\xa2\x11\x00\xd8\x00\rhouse/+/light'
2021-07-10 18:50:42.641515,b'\x10 \x00\x04MQTT\x04\xc2\x00<\x00\x00\x00\x08username\x00\x08password\xa2\x11\x00\xd8\x00\x9chouse/+/light'
2021-07-10 18:50:42.643352,b'\xe0\x00'
2021-07-10 18:50:42.643411,b''
2021-07-10 18:50:42.754667,b'\x10 \x00\x04MQTT\x04\xc2\x00<\x00\x00\x00\x08username\x00\x08password\xa2\x11\x00\xd9\x00\rhouse/+/light'
2021-07-10 18:50:42.754773,b'\x10 \x00\x04MQTT\x04\xc2\x00<\x00\x00\x00\x08username\x00\x08password\xa2\x11\x00\xd9\x01(house/+/light'
2021-07-10 18:50:42.756415,b'\xe0\x00'
2021-07-10 18:50:42.756500,b''
2021-07-10 18:50:42.867807,b'\x10 \x00\x04MQTT\x04\xc2\x00<\x00\x00\x00\x08username\x00\x08password\xa2\x11\x00\xda\x00\rhouse/+/light'
2021-07-10 18:50:42.867944,b'\x10 \x00\x04MQTT\x04\xc2\x00<\x00\x00\x00\x08username\x00\x08password\xa2\x11\x00\xda\x00 house/+/light'
2021-07-10 18:50:42.869850,b'\xe0\x00'
2021-07-10 18:50:42.869942,b''
2021-07-10 18:50:42.981093,b'\x10 \x00\x04MQTT\x04\xc2\x00<\x00\x00\x00\x08username\x00\x08password\xa2\x11\x00\xdb\x00\rhouse/+/light\xe0\x00'
2021-07-10 18:50:42.981188,"b'\x10 \x00\x04MQTT\x04\xc2\x00<\x00\x00\x00\x08username\x00\x08password\xa2\x11\x00\xdb\x01""house/+/light\xe0\x00'"
2021-07-10 18:50:43.094405,b'\x10 \x00\x04MQTT\x04\xc2\x00<\x00\x00\x00\x08username\x00\x08password\xa2\x11\x00\xdc\x00\rhouse/+/light\xe0\x00'
2021-07-10 18:50:43.094516,b'\x10 \x00\x04MQTT\x04\xc2\x00<\x00\x00\x00\x08username\x00\x08password\xa2\x11\x00\xdc\x01\x19house/+/light\xe0\x00'
2021-07-10 18:50:43.210081,b'\x10 \x00\x04MQTT\x04\xc2\x00<\x00\x00\x00\x08username\x00\x08password\xa2\x11\x00\xdd\x00\rhouse/+/light\xe0\x00'
2021-07-10 18:50:43.210199,b'\x10 \x00\x04MQTT\x04\xc2\x00<\x00\x00\x00\x08username\x00\x08password\xa2\x11\x00\xdd\x00\xa0house/+/light\xe0\x00'
2021-07-10 18:50:43.320298,b'\x10 \x00\x04MQTT\x04\xc2\x00<\x00\x00\x00\x08username\x00\x08password\xa2\x11\x00\xde\x00\rhouse/+/light\xe0\x00'
2021-07-10 18:50:43.320414,b'\x10 \x00\x04MQTT\x04\xc2\x00<\x00\x00\x00\x08username\x00\x08password\xa2\x11\x00\xde\x00\xb4house/+/light\xe0\x00'
2021-07-10 18:50:43.427374,b'\x10 \x00\x04MQTT\x04\xc2\x00<\x00\x00\x00\x08username\x00\x08password\xa2\x11\x00\xdf\x00\rhouse/+/light'
2021-07-10 18:50:43.427470,b'\x10 \x00\x04MQTT\x04\xc2\x00<\x00\x00\x00\x08username\x00\x08password\xa2\x11\x00\xdf\x01{house/+/light'
2021-07-10 18:50:43.428343,b'\xe0\x00'
2021-07-10 18:50:43.428428,b''
2021-07-10 18:50:43.531292,b'\x10 \x00\x04MQTT\x04\xc2\x00<\x00\x00\x00\x08username\x00\x08password\xa2\x11\x00\xe0\x00\rhouse/+/light\xe0\x00'
2021-07-10 18:50:43.531383,b'\x10 \x00\x04MQTT\x04\xc2\x00<\x00\x00\x00\x08username\x00\x08password\xa2\x11\x00\xe0\x00ahouse/+/light\xe0\x00'
2021-07-10 18:50:43.644667,b'\x10 \x00\x04MQTT\x04\xc2\x00<\x00\x00\x00\x08username\x00\x08password\xa2\x11\x00\xe1\x00\rhouse/+/light'
2021-07-10 18:50:43.644790,b'\x10 \x00\x04MQTT\x04\xc2\x00<\x00\x00\x00\x08username\x00\x08password\xa2\x11\x00\xe1\x00?house/+/light'
2021-07-10 18:50:43.645853,b'\xe0\x00'
2021-07-10 18:50:43.645940,b''
2021-07-10 18:50:43.757687,b'\x10 \x00\x04MQTT\x04\xc2\x00<\x00\x00\x00\x08username\x00\x08password\xa2\x11\x00\xe2\x00\rhouse/+/light'
2021-07-10 18:50:43.757799,b'\x10 \x00\x04MQTT\x04\xc2\x00<\x00\x00\x00\x08username\x00\x08password\xa2\x11\x00\xe2\x00\x9fhouse/+/light'
2021-07-10 18:50:43.760587,b'\xe0\x00'
2021-07-10 18:50:43.760652,b''
2021-07-10 18:50:43.879198,b'\x10 \x00\x04MQTT\x04\xc2\x00<\x00\x00\x00\x08username\x00\x08password\xa2\x11\x00\xe3\x00\rhouse/+/light\xe0\x00'
2021-07-10 18:50:43.879298,b'\x10 \x00\x04MQTT\x04\xc2\x00<\x00\x00\x00\x08username\x00\x08password\xa2\x11\x00\xe3\x00\xf7house/+/light\xe0\x00'
2021-07-10 18:50:43.984589,b'\x10 \x00\x04MQTT\x04\xc2\x00<\x00\x00\x00\x08username\x00\x08password\xa2\x11\x00\xe4\x00\rhouse/+/light\xe0\x00'
2021-07-10 18:50:43.984698,b'\x10 \x00\x04MQTT\x04\xc2\x00<\x00\x00\x00\x08username\x00\x08password\xa2\x11\x00\xe4\x00\x9bhouse/+/light\xe0\x00'
2021-07-10 18:50:44.097134,b'\x10 \x00\x04MQTT\x04\xc2\x00<\x00\x00\x00\x08username\x00\x08password\xa2\x11\x00\xe5\x00\rhouse/+/light'
2021-07-10 18:50:44.097233,b'\x10 \x00\x04MQTT\x04\xc2\x00<\x00\x00\x00\x08username\x00\x08password\xa2\x11\x00\xe5\x00\xd1house/+/light'
2021-07-10 18:50:44.098056,b'\xe0\x00'
2021-07-10 18:50:44.098139,b''
2021-07-10 18:50:44.210489,b'\x10 \x00\x04MQTT\x04\xc2\x00<\x00\x00\x00\x08username\x00\x08password\xa2\x11\x00\xe6\x00\rhouse/+/light'
2021-07-10 18:50:44.210584,b'\x10 \x00\x04MQTT\x04\xc2\x00<\x00\x00\x00\x08username\x00\x08password\xa2\x11\x00\xe6\x01Bhouse/+/light'
2021-07-10 18:50:44.211611,b'\xe0\x00'
2021-07-10 18:50:44.211693,b''
2021-07-10 18:50:44.323723,b'\x10 \x00\x04MQTT\x04\xc2\x00<\x00\x00\x00\x08username\x00\x08password\xa2\x11\x00\xe7\x00\rhouse/+/light'
2021-07-10 18:50:44.323847,"b'\x10 \x00\x04MQTT\x04\xc2\x00<\x00\x00\x00\x08username\x00\x08password\xa2\x11\x00\xe7\x00""house/+/light'"
2021-07-10 18:50:44.325539,b'\xe0\x00'
2021-07-10 18:50:44.325601,b''
2021-07-10 18:50:44.436822,b'\x10 \x00\x04MQTT\x04\xc2\x00<\x00\x00\x00\x08username\x00\x08password\xa2\x11\x00\xe8\x00\rhouse/+/light'
2021-07-10 18:50:44.436924,b'\x10 \x00\x04MQTT\x04\xc2\x00<\x00\x00\x00\x08username\x00\x08password\xa2\x11\x00\xe8\x00\xe2house/+/light'
2021-07-10 18:50:44.440805,b'\xe0\x00'
2021-07-10 18:50:44.440881,b''
2021-07-10 18:50:44.550240,b'\x10 \x00\x04MQTT\x04\xc2\x00<\x00\x00\x00\x08username\x00\x08password\xa2\x11\x00\xe9\x00\rhouse/+/light'
2021-07-10 18:50:44.550348,b'\x10 \x00\x04MQTT\x04\xc2\x00<\x00\x00\x00\x08username\x00\x08password\xa2\x11\x00\xe9\x00\xd0house/+/light'
2021-07-10 18:50:44.552628,b'\xe0\x00'
2021-07-10 18:50:44.552701,b''
2021-07-10 18:50:44.663313,b'\x10 \x00\x04MQTT\x04\xc2\x00<\x00\x00\x00\x08username\x00\x08password\xa2\x11\x00\xea\x00\rhouse/+/light'
2021-07-10 18:50:44.663406,b'\x10 \x00\x04MQTT\x04\xc2\x00<\x00\x00\x00\x08username\x00\x08password\xa2\x11\x00\xea\x00\xf7house/+/light'
2021-07-10 18:50:44.664442,b'\xe0\x00'
2021-07-10 18:50:44.664502,b''
2021-07-10 18:50:44.776569,b'\x10 \x00\x04MQTT\x04\xc2\x00<\x00\x00\x00\x08username\x00\x08password\xa2\x11\x00\xeb\x00\rhouse/+/light'
2021-07-10 18:50:44.776663,b'\x10 \x00\x04MQTT\x04\xc2\x00<\x00\x00\x00\x08username\x00\x08password\xa2\x11\x00\xeb\x00\x96house/+/light'
2021-07-10 18:50:44.777551,b'\xe0\x00'
2021-07-10 18:50:44.777610,b''
2021-07-10 18:50:44.889928,b'\x10 \x00\x04MQTT\x04\xc2\x00<\x00\x00\x00\x08username\x00\x08password\xa2\x11\x00\xec\x00\rhouse/+/light'
2021-07-10 18:50:44.890019,b'\x10 \x00\x04MQTT\x04\xc2\x00<\x00\x00\x00\x08username\x00\x08password\xa2\x11\x00\xec\x01qhouse/+/light'
2021-07-10 18:50:44.892597,b'\xe0\x00'
2021-07-10 18:50:44.892666,b''
2021-07-10 18:50:45.003061,b'\x10 \x00\x04MQTT\x04\xc2\x00<\x00\x00\x00\x08username\x00\x08password\xa2\x11\x00\xed\x00\rhouse/+/light'
2021-07-10 18:50:45.003155,b'\x10 \x00\x04MQTT\x04\xc2\x00<\x00\x00\x00\x08username\x00\x08password\xa2\x11\x00\xed\x01khouse/+/light'
2021-07-10 18:50:45.005503,b'\xe0\x00'
2021-07-10 18:50:45.005563,b''
2021-07-10 18:50:45.123120,b'\x10 \x00\x04MQTT\x04\xc2\x00<\x00\x00\x00\x08username\x00\x08password\xa2\x11\x00\xee\x00\rhouse/+/light\xe0\x00'
2021-07-10 18:50:45.123243,b'\x10 \x00\x04MQTT\x04\xc2\x00<\x00\x00\x00\x08username\x00\x08password\xa2\x11\x00\xee\x01\rhouse/+/light\xe0\x00'
2021-07-10 18:50:45.234858,b'\x10 \x00\x04MQTT\x04\xc2\x00<\x00\x00\x00\x08username\x00\x08password\xa2\x11\x00\xef\x00\rhouse/+/light'
2021-07-10 18:50:45.234967,b'\x10 \x00\x04MQTT\x04\xc2\x00<\x00\x00\x00\x08username\x00\x08password\xa2\x11\x00\xef\x00\xc9house/+/light'
2021-07-10 18:50:45.236074,b'\xe0\x00'
2021-07-10 18:50:45.236132,b''
2021-07-10 18:50:45.348141,b'\x10 \x00\x04MQTT\x04\xc2\x00<\x00\x00\x00\x08username\x00\x08password\xa2\x11\x00\xf0\x00\rhouse/+/light'
2021-07-10 18:50:45.348233,b'\x10 \x00\x04MQTT\x04\xc2\x00<\x00\x00\x00\x08username\x00\x08password\xa2\x11\x00\xf0\x01\x8ehouse/+/light'
2021-07-10 18:50:45.349413,b'\xe0\x00'
2021-07-10 18:50:45.349520,b''
2021-07-10 18:50:45.461907,b'\x10 \x00\x04MQTT\x04\xc2\x00<\x00\x00\x00\x08username\x00\x08password\xa2\x11\x00\xf1\x00\rhouse/+/light\xe0\x00'
2021-07-10 18:50:45.462001,b'\x10 \x00\x04MQTT\x04\xc2\x00<\x00\x00\x00\x08username\x00\x08password\xa2\x11\x00\xf1\x00\xc7house/+/light\xe0\x00'
2021-07-10 18:50:45.574773,b'\x10 \x00\x04MQTT\x04\xc2\x00<\x00\x00\x00\x08username\x00\x08password\xa2\x11\x00\xf2\x00\rhouse/+/light\xe0\x00'
2021-07-10 18:50:45.574869,b'\x10 \x00\x04MQTT\x04\xc2\x00<\x00\x00\x00\x08username\x00\x08password\xa2\x11\x00\xf2\x00Rhouse/+/light\xe0\x00'
2021-07-10 18:50:45.697639,b'\x10 \x00\x04MQTT\x04\xc2\x00<\x00\x00\x00\x08username\x00\x08password\xa2\x11\x00\xf3\x00\rhouse/+/light\xe0\x00'
2021-07-10 18:50:45.697764,b'\x10 \x00\x04MQTT\x04\xc2\x00<\x00\x00\x00\x08username\x00\x08password\xa2\x11\x00\xf3\x01\x15house/+/light\xe0\x00'
2021-07-10 18:50:45.801240,b'\x10 \x00\x04MQTT\x04\xc2\x00<\x00\x00\x00\x08username\x00\x08password\xa2\x11\x00\xf4\x00\rhouse/+/light'
2021-07-10 18:50:45.801329,b'\x10 \x00\x04MQTT\x04\xc2\x00<\x00\x00\x00\x08username\x00\x08password\xa2\x11\x00\xf4\x01=house/+/light'
2021-07-10 18:50:45.802368,b'\xe0\x00'
2021-07-10 18:50:45.802421,b''
2021-07-10 18:50:45.915033,b'\x10 \x00\x04MQTT\x04\xc2\x00<\x00\x00\x00\x08username\x00\x08password\xa2\x11\x00\xf5\x00\rhouse/+/light'
2021-07-10 18:50:45.915168,b'\x10 \x00\x04MQTT\x04\xc2\x00<\x00\x00\x00\x08username\x00\x08password\xa2\x11\x00\xf5\x00\xc3house/+/light'
2021-07-10 18:50:45.917730,b'\xe0\x00'
2021-07-10 18:50:45.917799,b''
2021-07-10 18:50:46.028332,b'\x10 \x00\x04MQTT\x04\xc2\x00<\x00\x00\x00\x08username\x00\x08password\xa2\x11\x00\xf6\x00\rhouse/+/light'
2021-07-10 18:50:46.028438,b'\x10 \x00\x04MQTT\x04\xc2\x00<\x00\x00\x00\x08username\x00\x08password\xa2\x11\x00\xf6\x00\xd3house/+/light'
2021-07-10 18:50:46.029724,b'\xe0\x00'
2021-07-10 18:50:46.029781,b''
2021-07-10 18:50:46.141563,b'\x10 \x00\x04MQTT\x04\xc2\x00<\x00\x00\x00\x08username\x00\x08password\xa2\x11\x00\xf7\x00\rhouse/+/light'
2021-07-10 18:50:46.141652,b'\x10 \x00\x04MQTT\x04\xc2\x00<\x00\x00\x00\x08username\x00\x08password\xa2\x11\x00\xf7\x00\x85house/+/light'
2021-07-10 18:50:46.142474,b'\xe0\x00'
2021-07-10 18:50:46.142525,b''
2021-07-10 18:50:46.256827,b'\x10 \x00\x04MQTT\x04\xc2\x00<\x00\x00\x00\x08username\x00\x08password\xa2\x11\x00\xf8\x00\rhouse/+/light\xe0\x00'
2021-07-10 18:50:46.256921,b'\x10 \x00\x04MQTT\x04\xc2\x00<\x00\x00\x00\x08username\x00\x08password\xa2\x11\x00\xf8\x00\xe7house/+/light\xe0\x00'
2021-07-10 18:50:46.368083,b'\x10 \x00\x04MQTT\x04\xc2\x00<\x00\x00\x00\x08username\x00\x08password\xa2\x11\x00\xf9\x00\rhouse/+/light'
2021-07-10 18:50:46.368178,b'\x10 \x00\x04MQTT\x04\xc2\x00<\x00\x00\x00\x08username\x00\x08password\xa2\x11\x00\xf9\x01~house/+/light'
2021-07-10 18:50:46.369251,b'\xe0\x00'
2021-07-10 18:50:46.369335,b''
2021-07-10 18:50:46.481251,b'\x10 \x00\x04MQTT\x04\xc2\x00<\x00\x00\x00\x08username\x00\x08password\xa2\x11\x00\xfa\x00\rhouse/+/light'
2021-07-10 18:50:46.481346,b'\x10 \x00\x04MQTT\x04\xc2\x00<\x00\x00\x00\x08username\x00\x08password\xa2\x11\x00\xfa\x01)house/+/light'
2021-07-10 18:50:46.482207,b'\xe0\x00'
2021-07-10 18:50:46.482257,b''
2021-07-10 18:50:46.585435,b'\x10 \x00\x04MQTT\x04\xc2\x00<\x00\x00\x00\x08username\x00\x08password\xa2\x11\x00\xfb\x00\rhouse/+/light\xe0\x00'
2021-07-10 18:50:46.585556,b'\x10 \x00\x04MQTT\x04\xc2\x00<\x00\x00\x00\x08username\x00\x08password\xa2\x11\x00\xfb\x01bhouse/+/light\xe0\x00'
2021-07-10 18:50:46.697905,b'\x10 \x00\x04MQTT\x04\xc2\x00<\x00\x00\x00\x08username\x00\x08password\xa2\x11\x00\xfc\x00\rhouse/+/light'
2021-07-10 18:50:46.698016,b'\x10 \x00\x04MQTT\x04\xc2\x00<\x00\x00\x00\x08username\x00\x08password\xa2\x11\x00\xfc\x00;house/+/light'
2021-07-10 18:50:46.698948,b'\xe0\x00'
2021-07-10 18:50:46.699005,b''
2021-07-10 18:50:46.826226,b'\x10 \x00\x04MQTT\x04\xc2\x00<\x00\x00\x00\x08username\x00\x08password\xa2\x11\x00\xfd\x00\rhouse/+/light'
2021-07-10 18:50:46.826338,b'\x10 \x00\x04MQTT\x04\xc2\x00<\x00\x00\x00\x08username\x00\x08password\xa2\x11\x00\xfd\x00 house/+/light'
2021-07-10 18:50:46.827257,b'\xe0\x00'
2021-07-10 18:50:46.827308,b''
2021-07-10 18:50:46.925679,b'\x10 \x00\x04MQTT\x04\xc2\x00<\x00\x00\x00\x08username\x00\x08password\xa2\x11\x00\xfe\x00\rhouse/+/light\xe0\x00'
2021-07-10 18:50:46.925804,b'\x10 \x00\x04MQTT\x04\xc2\x00<\x00\x00\x00\x08username\x00\x08password\xa2\x11\x00\xfe\x00\x8fhouse/+/light\xe0\x00'
2021-07-10 18:50:47.037462,b'\x10 \x00\x04MQTT\x04\xc2\x00<\x00\x00\x00\x08username\x00\x08password\xa2\x11\x00\xff\x00\rhouse/+/light'
2021-07-10 18:50:47.037560,b'\x10 \x00\x04MQTT\x04\xc2\x00<\x00\x00\x00\x08username\x00\x08password\xa2\x11\x00\xff\x00\x98house/+/light'
2021-07-10 18:50:47.039346,b'\xe0\x00'
2021-07-10 18:50:47.039407,b''
2021-07-10 18:50:47.169592,b'\x10 \x00\x04MQTT\x04\xc2\x00<\x00\x00\x00\x08username\x00\x08password\xa2\x11\x01\x00\x00\rhouse/+/light\xe0\x00'
2021-07-10 18:50:47.169682,b'\x10 \x00\x04MQTT\x04\xc2\x00<\x00\x00\x00\x08username\x00\x08password\xa2\x11\x01\x00\x00\x9chouse/+/light\xe0\x00'
2021-07-10 18:50:47.263869,b'\x10 \x00\x04MQTT\x04\xc2\x00<\x00\x00\x00\x08username\x00\x08password\xa2\x11\x01\x01\x00\rhouse/+/light'
2021-07-10 18:50:47.263968,b'\x10 \x00\x04MQTT\x04\xc2\x00<\x00\x00\x00\x08username\x00\x08password\xa2\x11\x01\x01\x01Bhouse/+/light'
2021-07-10 18:50:47.265167,b'\xe0\x00'
2021-07-10 18:50:47.265235,b''
2021-07-10 18:50:47.377228,b'\x10 \x00\x04MQTT\x04\xc2\x00<\x00\x00\x00\x08username\x00\x08password\xa2\x11\x01\x02\x00\rhouse/+/light\xe0\x00'
2021-07-10 18:50:47.377328,b'\x10 \x00\x04MQTT\x04\xc2\x00<\x00\x00\x00\x08username\x00\x08password\xa2\x11\x01\x02\x00\xb0house/+/light\xe0\x00'
2021-07-10 18:50:47.491730,b'\x10 \x00\x04MQTT\x04\xc2\x00<\x00\x00\x00\x08username\x00\x08password\xa2\x11\x01\x03\x00\rhouse/+/light\xe0\x00'
2021-07-10 18:50:47.491861,b'\x10 \x00\x04MQTT\x04\xc2\x00<\x00\x00\x00\x08username\x00\x08password\xa2\x11\x01\x03\x00\x88house/+/light\xe0\x00'
2021-07-10 18:50:47.603503,b'\x10 \x00\x04MQTT\x04\xc2\x00<\x00\x00\x00\x08username\x00\x08password\xa2\x11\x01\x04\x00\rhouse/+/light'
2021-07-10 18:50:47.603600,b'\x10 \x00\x04MQTT\x04\xc2\x00<\x00\x00\x00\x08username\x00\x08password\xa2\x11\x01\x04\x00{house/+/light'
2021-07-10 18:50:47.604590,b'\xe0\x00'
2021-07-10 18:50:47.604650,b''
2021-07-10 18:50:47.716910,b'\x10 \x00\x04MQTT\x04\xc2\x00<\x00\x00\x00\x08username\x00\x08password\xa2\x11\x01\x05\x00\rhouse/+/light'
2021-07-10 18:50:47.717008,b'\x10 \x00\x04MQTT\x04\xc2\x00<\x00\x00\x00\x08username\x00\x08password\xa2\x11\x01\x05\x00\x05house/+/light'
2021-07-10 18:50:47.733671,b'\xe0\x00'
2021-07-10 18:50:47.733755,b''
2021-07-10 18:50:47.830978,b'\x10 \x00\x04MQTT\x04\xc2\x00<\x00\x00\x00\x08username\x00\x08password\xa2\x11\x01\x06\x00\rhouse/+/light'
2021-07-10 18:50:47.831075,b'\x10 \x00\x04MQTT\x04\xc2\x00<\x00\x00\x00\x08username\x00\x08password\xa2\x11\x01\x06\x00Xhouse/+/light'
2021-07-10 18:50:47.832272,b'\xe0\x00'
2021-07-10 18:50:47.832336,b''
2021-07-10 18:50:47.934389,b'\x10 \x00\x04MQTT\x04\xc2\x00<\x00\x00\x00\x08username\x00\x08password\xa2\x11\x01\x07\x00\rhouse/+/light\xe0\x00'
2021-07-10 18:50:47.934523,b'\x10 \x00\x04MQTT\x04\xc2\x00<\x00\x00\x00\x08username\x00\x08password\xa2\x11\x01\x07\x01Mhouse/+/light\xe0\x00'
2021-07-10 18:50:48.048931,b'\x10 \x00\x04MQTT\x04\xc2\x00<\x00\x00\x00\x08username\x00\x08password\xa2\x11\x01\x08\x00\rhouse/+/light\xe0\x00'
2021-07-10 18:50:48.049041,b'\x10 \x00\x04MQTT\x04\xc2\x00<\x00\x00\x00\x08username\x00\x08password\xa2\x11\x01\x08\x01\x04house/+/light\xe0\x00'
2021-07-10 18:50:48.161907,b'\x10 \x00\x04MQTT\x04\xc2\x00<\x00\x00\x00\x08username\x00\x08password\xa2\x11\x01\t\x00\rhouse/+/light'
2021-07-10 18:50:48.162028,b'\x10 \x00\x04MQTT\x04\xc2\x00<\x00\x00\x00\x08username\x00\x08password\xa2\x11\x01\t\x01Vhouse/+/light'
2021-07-10 18:50:48.162968,b'\xe0\x00'
2021-07-10 18:50:48.163028,b''
2021-07-10 18:50:48.275518,b'\x10 \x00\x04MQTT\x04\xc2\x00<\x00\x00\x00\x08username\x00\x08password\xa2\x11\x01\n\x00\rhouse/+/light\xe0\x00'
2021-07-10 18:50:48.275675,b'\x10 \x00\x04MQTT\x04\xc2\x00<\x00\x00\x00\x08username\x00\x08password\xa2\x11\x01\n\x00\x9ehouse/+/light\xe0\x00'
2021-07-10 18:50:48.388330,b'\x10 \x00\x04MQTT\x04\xc2\x00<\x00\x00\x00\x08username\x00\x08password\xa2\x11\x01\x0b\x00\rhouse/+/light'
2021-07-10 18:50:48.388447,b'\x10 \x00\x04MQTT\x04\xc2\x00<\x00\x00\x00\x08username\x00\x08password\xa2\x11\x01\x0b\x011house/+/light'
2021-07-10 18:50:48.390396,b'\xe0\x00'
2021-07-10 18:50:48.390458,b''
2021-07-10 18:50:48.501531,b'\x10 \x00\x04MQTT\x04\xc2\x00<\x00\x00\x00\x08username\x00\x08password\xa2\x11\x01\x0c\x00\rhouse/+/light'
2021-07-10 18:50:48.501624,b'\x10 \x00\x04MQTT\x04\xc2\x00<\x00\x00\x00\x08username\x00\x08password\xa2\x11\x01\x0c\x01whouse/+/light'
2021-07-10 18:50:48.502526,b'\xe0\x00'
2021-07-10 18:50:48.502578,b''
2021-07-10 18:50:48.614758,b'\x10 \x00\x04MQTT\x04\xc2\x00<\x00\x00\x00\x08username\x00\x08password\xa2\x11\x01\r\x00\rhouse/+/light\xe0\x00'
2021-07-10 18:50:48.614859,b'\x10 \x00\x04MQTT\x04\xc2\x00<\x00\x00\x00\x08username\x00\x08password\xa2\x11\x01\r\x00\xe8house/+/light\xe0\x00'
2021-07-10 18:50:48.718853,b'\x10 \x00\x04MQTT\x04\xc2\x00<\x00\x00\x00\x08username\x00\x08password\xa2\x11\x01\x0e\x00\rhouse/+/light\xe0\x00'
2021-07-10 18:50:48.718932,b'\x10 \x00\x04MQTT\x04\xc2\x00<\x00\x00\x00\x08username\x00\x08password\xa2\x11\x01\x0e\x01phouse/+/light\xe0\x00'
2021-07-10 18:50:48.837288,b'\x10 \x00\x04MQTT\x04\xc2\x00<\x00\x00\x00\x08username\x00\x08password\xa2\x11\x01\x0f\x00\rhouse/+/light'
2021-07-10 18:50:48.837476,b'\x10 \x00\x04MQTT\x04\xc2\x00<\x00\x00\x00\x08username\x00\x08password\xa2\x11\x01\x0f\x01Xhouse/+/light'
2021-07-10 18:50:48.843577,b'\xe0\x00'
2021-07-10 18:50:48.843687,b''
2021-07-10 18:50:48.950911,b'\x10 \x00\x04MQTT\x04\xc2\x00<\x00\x00\x00\x08username\x00\x08password\xa2\x11\x01\x10\x00\rhouse/+/light'
2021-07-10 18:50:48.951004,b'\x10 \x00\x04MQTT\x04\xc2\x00<\x00\x00\x00\x08username\x00\x08password\xa2\x11\x01\x10\x011house/+/light'
2021-07-10 18:50:48.981073,b'\xe0\x00'
2021-07-10 18:50:48.981349,b''
2021-07-10 18:50:49.063983,b'\x10 \x00\x04MQTT\x04\xc2\x00<\x00\x00\x00\x08username\x00\x08password\xa2\x11\x01\x11\x00\rhouse/+/light'
2021-07-10 18:50:49.064074,b'\x10 \x00\x04MQTT\x04\xc2\x00<\x00\x00\x00\x08username\x00\x08password\xa2\x11\x01\x11\x00Ehouse/+/light'
2021-07-10 18:50:49.064955,b'\xe0\x00'
2021-07-10 18:50:49.065011,b''
2021-07-10 18:50:49.177260,b'\x10 \x00\x04MQTT\x04\xc2\x00<\x00\x00\x00\x08username\x00\x08password\xa2\x11\x01\x12\x00\rhouse/+/light'
2021-07-10 18:50:49.177350,b'\x10 \x00\x04MQTT\x04\xc2\x00<\x00\x00\x00\x08username\x00\x08password\xa2\x11\x01\x12\x01fhouse/+/light'
2021-07-10 18:50:49.179721,b'\xe0\x00'
2021-07-10 18:50:49.179784,b''
2021-07-10 18:50:49.290507,b'\x10 \x00\x04MQTT\x04\xc2\x00<\x00\x00\x00\x08username\x00\x08password\xa2\x11\x01\x13\x00\rhouse/+/light'
2021-07-10 18:50:49.290598,b'\x10 \x00\x04MQTT\x04\xc2\x00<\x00\x00\x00\x08username\x00\x08password\xa2\x11\x01\x13\x00\x19house/+/light'
2021-07-10 18:50:49.291546,b'\xe0\x00'
2021-07-10 18:50:49.291629,b''
2021-07-10 18:50:49.403772,b'\x10 \x00\x04MQTT\x04\xc2\x00<\x00\x00\x00\x08username\x00\x08password\xa2\x11\x01\x14\x00\rhouse/+/light'
2021-07-10 18:50:49.403925,b'\x10 \x00\x04MQTT\x04\xc2\x00<\x00\x00\x00\x08username\x00\x08password\xa2\x11\x01\x14\x00\xabhouse/+/light'
2021-07-10 18:50:49.404885,b'\xe0\x00'
2021-07-10 18:50:49.404939,b''
2021-07-10 18:50:49.516982,b'\x10 \x00\x04MQTT\x04\xc2\x00<\x00\x00\x00\x08username\x00\x08password\xa2\x11\x01\x15\x00\rhouse/+/light'
2021-07-10 18:50:49.517100,b'\x10 \x00\x04MQTT\x04\xc2\x00<\x00\x00\x00\x08username\x00\x08password\xa2\x11\x01\x15\x01whouse/+/light'
2021-07-10 18:50:49.517968,b'\xe0\x00'
2021-07-10 18:50:49.518029,b''
2021-07-10 18:50:49.630354,b'\x10 \x00\x04MQTT\x04\xc2\x00<\x00\x00\x00\x08username\x00\x08password\xa2\x11\x01\x16\x00\rhouse/+/light\xe0\x00'
2021-07-10 18:50:49.630439,b'\x10 \x00\x04MQTT\x04\xc2\x00<\x00\x00\x00\x08username\x00\x08password\xa2\x11\x01\x16\x00\xbahouse/+/light\xe0\x00'
2021-07-10 18:50:49.743368,b'\x10 \x00\x04MQTT\x04\xc2\x00<\x00\x00\x00\x08username\x00\x08password\xa2\x11\x01\x17\x00\rhouse/+/light'
2021-07-10 18:50:49.743461,b'\x10 \x00\x04MQTT\x04\xc2\x00<\x00\x00\x00\x08username\x00\x08password\xa2\x11\x01\x17\x01\x81house/+/light'
2021-07-10 18:50:49.744413,b'\xe0\x00'
2021-07-10 18:50:49.744466,b''
2021-07-10 18:50:49.848975,b'\x10 \x00\x04MQTT\x04\xc2\x00<\x00\x00\x00\x08username\x00\x08password\xa2\x11\x01\x18\x00\rhouse/+/light\xe0\x00'
2021-07-10 18:50:49.849061,b'\x10 \x00\x04MQTT\x04\xc2\x00<\x00\x00\x00\x08username\x00\x08password\xa2\x11\x01\x18\x00\xd9house/+/light\xe0\x00'
2021-07-10 18:50:49.960081,b'\x10 \x00\x04MQTT\x04\xc2\x00<\x00\x00\x00\x08username\x00\x08password\xa2\x11\x01\x19\x00\rhouse/+/light'
2021-07-10 18:50:49.960179,b'\x10 \x00\x04MQTT\x04\xc2\x00<\x00\x00\x00\x08username\x00\x08password\xa2\x11\x01\x19\x00\x1ahouse/+/light'
2021-07-10 18:50:49.961974,b'\xe0\x00'
2021-07-10 18:50:49.962076,b''
2021-07-10 18:50:50.075431,b'\x10 \x00\x04MQTT\x04\xc2\x00<\x00\x00\x00\x08username\x00\x08password\xa2\x11\x01\x1a\x00\rhouse/+/light\xe0\x00'
2021-07-10 18:50:50.075530,b'\x10 \x00\x04MQTT\x04\xc2\x00<\x00\x00\x00\x08username\x00\x08password\xa2\x11\x01\x1a\x00bhouse/+/light\xe0\x00'
2021-07-10 18:50:50.186521,b'\x10 \x00\x04MQTT\x04\xc2\x00<\x00\x00\x00\x08username\x00\x08password\xa2\x11\x01\x1b\x00\rhouse/+/light\xe0\x00'
2021-07-10 18:50:50.186623,b'\x10 \x00\x04MQTT\x04\xc2\x00<\x00\x00\x00\x08username\x00\x08password\xa2\x11\x01\x1b\x00)house/+/light\xe0\x00'
2021-07-10 18:50:50.299667,b'\x10 \x00\x04MQTT\x04\xc2\x00<\x00\x00\x00\x08username\x00\x08password\xa2\x11\x01\x1c\x00\rhouse/+/light'
2021-07-10 18:50:50.299758,b'\x10 \x00\x04MQTT\x04\xc2\x00<\x00\x00\x00\x08username\x00\x08password\xa2\x11\x01\x1c\x00\xa8house/+/light'
2021-07-10 18:50:50.300895,b'\xe0\x00'
2021-07-10 18:50:50.300949,b''
2021-07-10 18:50:50.412971,b'\x10 \x00\x04MQTT\x04\xc2\x00<\x00\x00\x00\x08username\x00\x08password\xa2\x11\x01\x1d\x00\rhouse/+/light\xe0\x00'
2021-07-10 18:50:50.413067,b'\x10 \x00\x04MQTT\x04\xc2\x00<\x00\x00\x00\x08username\x00\x08password\xa2\x11\x01\x1d\x00\x1fhouse/+/light\xe0\x00'
2021-07-10 18:50:50.516406,b'\x10 \x00\x04MQTT\x04\xc2\x00<\x00\x00\x00\x08username\x00\x08password\xa2\x11\x01\x1e\x00\rhouse/+/light\xe0\x00'
2021-07-10 18:50:50.516496,b'\x10 \x00\x04MQTT\x04\xc2\x00<\x00\x00\x00\x08username\x00\x08password\xa2\x11\x01\x1e\x00\xcchouse/+/light\xe0\x00'
2021-07-10 18:50:50.629621,b'\x10 \x00\x04MQTT\x04\xc2\x00<\x00\x00\x00\x08username\x00\x08password\xa2\x11\x01\x1f\x00\rhouse/+/light'
2021-07-10 18:50:50.629718,b'\x10 \x00\x04MQTT\x04\xc2\x00<\x00\x00\x00\x08username\x00\x08password\xa2\x11\x01\x1f\x00Uhouse/+/light'
2021-07-10 18:50:50.632665,b'\xe0\x00'
2021-07-10 18:50:50.632735,b''
2021-07-10 18:50:50.743813,b'\x10 \x00\x04MQTT\x04\xc2\x00<\x00\x00\x00\x08username\x00\x08password\xa2\x11\x01 \x00\rhouse/+/light\xe0\x00'
2021-07-10 18:50:50.743966,b'\x10 \x00\x04MQTT\x04\xc2\x00<\x00\x00\x00\x08username\x00\x08password\xa2\x11\x01 \x00\x8dhouse/+/light\xe0\x00'
2021-07-10 18:50:50.857081,b'\x10 \x00\x04MQTT\x04\xc2\x00<\x00\x00\x00\x08username\x00\x08password\xa2\x11\x01!\x00\rhouse/+/light'
2021-07-10 18:50:50.857196,b'\x10 \x00\x04MQTT\x04\xc2\x00<\x00\x00\x00\x08username\x00\x08password\xa2\x11\x01!\x00\xcdhouse/+/light'
2021-07-10 18:50:50.858126,b'\xe0\x00'
2021-07-10 18:50:50.858181,b''
2021-07-10 18:50:50.970257,"b'\x10 \x00\x04MQTT\x04\xc2\x00<\x00\x00\x00\x08username\x00\x08password\xa2\x11\x01""\x00\rhouse/+/light'"
2021-07-10 18:50:50.970412,"b'\x10 \x00\x04MQTT\x04\xc2\x00<\x00\x00\x00\x08username\x00\x08password\xa2\x11\x01""\x00dhouse/+/light'"
2021-07-10 18:50:50.972940,b'\xe0\x00'
2021-07-10 18:50:50.973015,b''
2021-07-10 18:50:51.084058,b'\x10 \x00\x04MQTT\x04\xc2\x00<\x00\x00\x00\x08username\x00\x08password\xa2\x11\x01#\x00\rhouse/+/light\xe0\x00'
2021-07-10 18:50:51.084151,b'\x10 \x00\x04MQTT\x04\xc2\x00<\x00\x00\x00\x08username\x00\x08password\xa2\x11\x01#\x00\rhouse/+/light\xe0\x00\x10 \x00\x04MQTT\x04\xc2\x00<\x00\x00\x00\x08username\x00\x08password\xa2\x11\x01#\x01[house/+/light\xe0\x00'
2021-07-10 18:50:51.196726,b'\x10 \x00\x04MQTT\x04\xc2\x00<\x00\x00\x00\x08username\x00\x08password\xa2\x11\x01$\x00\rhouse/+/light\xe0\x00'
2021-07-10 18:50:51.196821,b'\x10 \x00\x04MQTT\x04\xc2\x00<\x00\x00\x00\x08username\x00\x08password\xa2\x11\x01$\x01]house/+/light\xe0\x00'
2021-07-10 18:50:51.310031,b'\x10 \x00\x04MQTT\x04\xc2\x00<\x00\x00\x00\x08username\x00\x08password\xa2\x11\x01%\x00\rhouse/+/light\xe0\x00'
2021-07-10 18:50:51.310123,b'\x10 \x00\x04MQTT\x04\xc2\x00<\x00\x00\x00\x08username\x00\x08password\xa2\x11\x01%\x00\xfchouse/+/light\xe0\x00'
2021-07-10 18:50:51.426072,b'\x10 \x00\x04MQTT\x04\xc2\x00<\x00\x00\x00\x08username\x00\x08password\xa2\x11\x01&\x00\rhouse/+/light\xe0\x00'
2021-07-10 18:50:51.426159,b'\x10 \x00\x04MQTT\x04\xc2\x00<\x00\x00\x00\x08username\x00\x08password\xa2\x11\x01&\x00Ghouse/+/light\xe0\x00'
2021-07-10 18:50:51.558953,"b""\x10 \x00\x04MQTT\x04\xc2\x00<\x00\x00\x00\x08username\x00\x08password\xa2\x11\x01'\x00\rhouse/+/light"""
2021-07-10 18:50:51.559351,"b""\x10 \x00\x04MQTT\x04\xc2\x00<\x00\x00\x00\x08username\x00\x08password\xa2\x11\x01'\x00\x92house/+/light"""
2021-07-10 18:50:51.561681,b'\xe0\x00'
2021-07-10 18:50:51.561982,b''
2021-07-10 18:50:51.649490,b'\x10 \x00\x04MQTT\x04\xc2\x00<\x00\x00\x00\x08username\x00\x08password\xa2\x11\x01(\x00\rhouse/+/light'
2021-07-10 18:50:51.649609,b'\x10 \x00\x04MQTT\x04\xc2\x00<\x00\x00\x00\x08username\x00\x08password\xa2\x11\x01(\x00\x81house/+/light'
2021-07-10 18:50:51.651196,b'\xe0\x00'
2021-07-10 18:50:51.651302,b''
2021-07-10 18:50:51.762809,b'\x10 \x00\x04MQTT\x04\xc2\x00<\x00\x00\x00\x08username\x00\x08password\xa2\x11\x01)\x00\rhouse/+/light'
2021-07-10 18:50:51.762911,b'\x10 \x00\x04MQTT\x04\xc2\x00<\x00\x00\x00\x08username\x00\x08password\xa2\x11\x01)\x01%house/+/light'
2021-07-10 18:50:51.764486,b'\xe0\x00'
2021-07-10 18:50:51.764555,b''
2021-07-10 18:50:51.877066,b'\x10 \x00\x04MQTT\x04\xc2\x00<\x00\x00\x00\x08username\x00\x08password\xa2\x11\x01*\x00\rhouse/+/light\xe0\x00'
2021-07-10 18:50:51.877160,b'\x10 \x00\x04MQTT\x04\xc2\x00<\x00\x00\x00\x08username\x00\x08password\xa2\x11\x01*\x006house/+/light\xe0\x00'
2021-07-10 18:50:51.989525,b'\x10 \x00\x04MQTT\x04\xc2\x00<\x00\x00\x00\x08username\x00\x08password\xa2\x11\x01+\x00\rhouse/+/light\xe0\x00'
2021-07-10 18:50:51.989619,b'\x10 \x00\x04MQTT\x04\xc2\x00<\x00\x00\x00\x08username\x00\x08password\xa2\x11\x01+\x00\xc6house/+/light\xe0\x00'
2021-07-10 18:50:52.104823,"b'\x10 \x00\x04MQTT\x04\xc2\x00<\x00\x00\x00\x08username\x00\x08password\xa2\x11\x01,\x00\rhouse/+/light'"
2021-07-10 18:50:52.105355,"b'\x10 \x00\x04MQTT\x04\xc2\x00<\x00\x00\x00\x08username\x00\x08password\xa2\x11\x01,\x01\x8bhouse/+/light'"
2021-07-10 18:50:52.108194,b'\xe0\x00'
2021-07-10 18:50:52.108297,b''
2021-07-10 18:50:52.743192,b'\x10 \x00\x04MQTT\x04\xc2\x00<\x00\x00\x00\x08username\x00\x08password'
2021-07-10 18:50:52.743375,b''
