2021-04-27 15:04:30.594923,hello/there,hi
2021-04-27 15:04:30.595794,dev/testdev/testdev/testdev/testdev/testdev/testdev/testdev/testdev/testdev/testdev/testdev/testdev/testdev/testdev/testdev/testdev/testdev/testdev/testdev/testdev/testdev/testdev/testdev/testdev/testdev/testdev/testdev/testdev/testdev/testdev/testdev/testdev/testdev/testdev/testdev/testdev/testdev/testdev/testdev/testdev/testdev/testdev/testdev/testdev/testdev/testdev/testdev/testdev/testdev/testdev/testdev/testdev/testdev/testdev/testdev/testdev/testdev/testdev/testdev/testdev/testdev/testdev/testdev/testdev/testdev/testdev/testdev/testdev/testdev/testdev/testdev/testdev/testdev/testdev/testdev/testdev/testdev/testdev/testdev/testdev/testdev/testdev/testdev/testdev/testdev/testdev/testdev/testdev/testdev/testdev/testdev/testdev/testdev/testdev/testdev/testdev/testdev/testdev/testdev/testdev/testdev/testdev/testdev/testdev/testdev/testdev/testdev/testdev/testdev/testdev/testdev/testdev/testdev/testdev/testdev/testdev/testdev/testdev/testdev/testdev/testdev/testdev/testdev/testdev/testdev/testdev/testdev/testdev/testdev/testdev/testdev/testdev/testdev/testdev/testdev/testdev/testdev/testdev/testdev/testdev/testdev/testdev/testdev/testdev/testdev/testdev/testdev/testdev/testdev/testdev/testdev/testdev/testdev/testdev/testdev/testdev/testdev/testdev/testdev/testdev/testdev/testdev/testdev/testdev/testdev/testdev/testdev/testdev/testdev/testdev/testdev/testdev/testdev/testdev/testdev/testdev/testdev/testdev/testdev/testdev/testdev/testdev/testdev/testdev/testdev/testdev/testdev/testdev/testdev/testdev/testdev/testdev/testdev/testdev/testdev/testdev/testdev/testdev/testdev/testdev/testdev/testdev/testdev/testdev/testdev/testdev/testdev/testdev/testdev/testdev/testdev/testdev/testdev/testdev/testdev/testdev/testdev/testdev/testdev/testdev/testdev/testdev/testdev/testdev/testdev/testdev/testdev/testdev/testdev/testdev/testdev/testdev/testdev/testdev/testdev/testdev/testdev/testdev/testdev/testdev/testdev/testdev/testdev/testdev/testdev/testdev/testdev/testdev/testdev/testdev/testdev/testdev/testdev,hi
2021-04-27 15:04:30.598278,clannad/nagisa,hi
2021-04-27 15:05:28.848626,hello/there,hi
2021-04-27 15:05:28.849405,dev/testdev/testdev/testdev/testdev/testdev/testdev/testdev/testdev/testdev/testdev/testdev/testdev/testdev/testdev/testdev/testdev/testdev/testdev/testdev/testdev/testdev/testdev/testdev/testdev/testdev/testdev/testdev/testdev/testdev/testdev/testdev/testdev/testdev/testdev/testdev/testdev/testdev/testdev/testdev/testdev/testdev/testdev/testdev/testdev/testdev/testdev/testdev/testdev/testdev/testdev/testdev/testdev/testdev/testdev/testdev/testdev/testdev/testdev/testdev/testdev/testdev/testdev/testdev/testdev/testdev/testdev/testdev/testdev/testdev/testdev/testdev/testdev/testdev/testdev/testdev/testdev/testdev/testdev/testdev/testdev/testdev/testdev/testdev/testdev/testdev/testdev/testdev/testdev/testdev/testdev/testdev/testdev/testdev/testdev/testdev/testdev/testdev/testdev/testdev/testdev/testdev/testdev/testdev/testdev/testdev/testdev/testdev/testdev/testdev/testdev/testdev/testdev/testdev/testdev/testdev/testdev/testdev/testdev/testdev/testdev/testdev/testdev/testdev/testdev/testdev/testdev/testdev/testdev/testdev/testdev/testdev/testdev/testdev/testdev/testdev/testdev/testdev/testdev/testdev/testdev/testdev/testdev/testdev/testdev/testdev/testdev/testdev/testdev/testdev/testdev/testdev/testdev/testdev/testdev/testdev/testdev/testdev/testdev/testdev/testdev/testdev/testdev/testdev/testdev/testdev/testdev/testdev/testdev/testdev/testdev/testdev/testdev/testdev/testdev/testdev/testdev/testdev/testdev/testdev/testdev/testdev/testdev/testdev/testdev/testdev/testdev/testdev/testdev/testdev/testdev/testdev/testdev/testdev/testdev/testdev/testdev/testdev/testdev/testdev/testdev/testdev/testdev/testdev/testdev/testdev/testdev/testdev/testdev/testdev/testdev/testdev/testdev/testdev/testdev/testdev/testdev/testdev/testdev/testdev/testdev/testdev/testdev/testdev/testdev/testdev/testdev/testdev/testdev/testdev/testdev/testdev/testdev/testdev/testdev/testdev/testdev/testdev/testdev/testdev/testdev/testdev,hi
2021-04-27 15:05:28.849922,clannad/nagisa,hi
2021-04-27 15:06:10.985469,hello/there,hi
2021-04-27 15:06:10.986351,dev/testdev/testdev/testdev/testdev/testdev/testdev/testdev/testdev/testdev/testdev/testdev/testdev/testdev/testdev/testdev/testdev/testdev/testdev/testdev/testdev/testdev/testdev/testdev/testdev/testdev/testdev/testdev/testdev/testdev/testdev/testdev/testdev/testdev/testdev/testdev/testdev/testdev/testdev/testdev/testdev/testdev/testdev/testdev/testdev/testdev/testdev/testdev/testdev/testdev/testdev/testdev/testdev/testdev/testdev/testdev/testdev/testdev/testdev/testdev/testdev/testdev/testdev/testdev/testdev/testdev/testdev/testdev/testdev/testdev/testdev/testdev/testdev/testdev/testdev/testdev/testdev/testdev/testdev/testdev/testdev/testdev/testdev/testdev/testdev/testdev/testdev/testdev/testdev/testdev/testdev/testdev/testdev/testdev/testdev/testdev/testdev/testdev/testdev/testdev/testdev/testdev/testdev/testdev/testdev/testdev/testdev/testdev/testdev/testdev/testdev/testdev/testdev/testdev/testdev/testdev/testdev/testdev/testdev/testdev/testdev/testdev/testdev/testdev/testdev/testdev/testdev/testdev/testdev/testdev/testdev/testdev/testdev/testdev/testdev/testdev/testdev/testdev/testdev/testdev/testdev/testdev/testdev/testdev/testdev/testdev/testdev/testdev/testdev/testdev/testdev/testdev/testdev/testdev/testdev/testdev/testdev/testdev/testdev/testdev/testdev/testdev/testdev/testdev/testdev/testdev/testdev/testdev/testdev/testdev/testdev/testdev/testdev/testdev/testdev/testdev/testdev/testdev/testdev/testdev/testdev/testdev/testdev/testdev/testdev/testdev/testdev/testdev/testdev/testdev/testdev/testdev/testdev/testdev/testdev/testdev/testdev/testdev/testdev/testdev/testdev/testdev,hi
2021-04-27 15:06:10.986858,clannad/nagisa,hi
2021-04-27 15:08:01.798895,hello/there,hi
2021-04-27 15:08:01.803296,dev/testdev/testdev/testdev/testdev/testdev/testdev/testdev/testdev/testdev/testdev/testdev/testdev/testdev/testdev/testdev/testdev/testdev/testdev/testdev/testdev/testdev/testdev/testdev/testdev/testdev/testdev/testdev/testdev/testdev/testdev/testdev/testdev/testdev/testdev/testdev/testdev/testdev/testdev/testdev/testdev/testdev/testdev/testdev/testdev/testdev/testdev/testdev/testdev/testdev/testdev/testdev/testdev/testdev/testdev/testdev/testdev/testdev/testdev/testdev/testdev/testdev/testdev/testdev/testdev/testdev/testdev/testdev/testdev/testdev/testdev/testdev/testdev/testdev/testdev/testdev/testdev/testdev/testdev/testdev/testdev/testdev/testdev/testdev/testdev/testdev/testdev/testdev/testdev/testdev/testdev/testdev/testdev/testdev/testdev/testdev/testdev/testdev/testdev/testdev/testdev/testdev/testdev/testdev/testdev/testdev/testdev/testdev/testdev/testdev/testdev/testdev/testdev/testdev/testdev/testdev/testdev/testdev/testdev/testdev/testdev/testdev/testdev/testdev,hi
2021-04-27 15:08:01.803913,clannad/nagisa,hi
2021-04-27 15:09:28.385214,hello/there,hi
2021-04-27 15:09:28.389890,dev/testdev/testdev/testdev/testdev/testdev/testdev/testdev/testdev/testdev/testdev/testdev/testdev/testdev/testdev/testdev/testdev/testdev/testdev/testdev/testdev/testdev/testdev/testdev/testdev/testdev/testdev/testdev/testdev/testdev/testdev/testdev/testdev/testdev/testdev/testdev/testdev/testdev/testdev/testdev/testdev/testdev/testdev/testdev/testdev/testdev/testdev/testdev/testdev/testdev/testdev/testdev/testdev/testdev/testdev/testdev/testdev/testdev/testdev/testdev/testdev/testdev/testdev/testdev/testdev/testdev/testdev/testdev/testdev/testdev/testdev/testdev/testdev/testdev/testdev/testdev/testdev/testdev/testdev/testdev/testdev/testdev/testdev/testdev/testdev/testdev/testdev/testdev/testdev/testdev/testdev/testdev/testdev/testdev/testdev/testdev/testdev/testdev/testdev/testdev/testdev/testdev/testdev/testdev/testdev/testdev/testdev/testdev/testdev/testdev/testdev/testdev/testdev/testdev/testdev/testdev/testdev/testdev/testdev/testdev/testdev/testdev/testdev/testdev/testdev/testdev,hi
2021-04-27 15:09:28.390512,clannad/nagisa,hi
2021-04-27 15:10:13.690241,hello/there,hi
2021-04-27 15:10:13.695285,dev/testdev/testdev/testdev/testdev/testdev/testdev/testdev/testdev/testdev/testdev/testdev/testdev/testdev/testdev/testdev/testdev/testdev/testdev/testdev/testdev/testdev/testdev/testdev/testdev/testdev/testdev/testdev/testdev/testdev/testdev/testdev/testdev/testdev/testdev/testdev/testdev/testdev/testdev/testdev/testdev/testdev/testdev/testdev/testdev/testdev/testdev/testdev/testdev/testdev/testdev/testdev/testdev/testdev/testdev/testdev/testdev/testdev/testdev/testdev/testdev/testdev/testdev/testdev/testdev/testdev/testdev/testdev/testdev/testdev/testdev/testdev/testdev/testdev/testdev/testdev/testdev/testdev/testdev/testdev/testdev/testdev/testdev/testdev/testdev/testdev/testdev/testdev/testdev/testdev/testdev/testdev/testdev/testdev/testdev/testdev/testdev/testdev/testdev/testdev/testdev/testdev/testdev/testdev/testdev/testdev/testdev/testdev/testdev/testdev/testdev/testdev/testdev/testdev/testdev/testdev/testdev/testdev/testdev/testdev/testdev/testdev/testdev/testdev/testdev/testdev/testdev/testdev/testdev/testdev/testdev/testdev/testdev/testdev/testdev,hi
2021-04-27 15:10:13.697319,clannad/nagisa,hi
2021-04-27 15:11:03.729434,hello/there,hi
2021-04-27 15:11:03.733727,dev/testdev/testdev/testdev/testdev/testdev/testdev/testdev/testdev/testdev/testdev/testdev/testdev/testdev/testdev/testdev/testdev/testdev/testdev/testdev/testdev/testdev/testdev/testdev/testdev/testdev/testdev/testdev/testdev/testdev/testdev/testdev/testdev/testdev/testdev/testdev/testdev/testdev/testdev/testdev/testdev/testdev/testdev/testdev/testdev/testdev/testdev/testdev/testdev/testdev/testdev/testdev/testdev/testdev/testdev/testdev/testdev/testdev/testdev/testdev/testdev/testdev/testdev/testdev/testdev/testdev/testdev/testdev/testdev/testdev/testdev/testdev/testdev/testdev/testdev/testdev/testdev/testdev/testdev/testdev/testdev/testdev/testdev/testdev/testdev/testdev/testdev/testdev/testdev/testdev/testdev/testdev/testdev/testdev/testdev/testdev/testdev/testdev/testdev/testdev/testdev/testdev/testdev/testdev/testdev/testdev/testdev/testdev/testdev/testdev/testdev/testdev/testdev/testdev/testdev/testdev/testdev/testdev/testdev/testdev/testdev/testdev/testdev/testdev/testdev/testdev/testdev/testdev/testdev/testdev/testdev/testdev/testdev/testdev/testdev/testdev/testdev/testdev/testdev/testdev/testdev/testdev/testdev/testdev/testdev/testdev/testdev/testdev/testdev/testdev/testdev/testdev/testdev/testdev/testdev/testdev/testdev/testdev/testdev/testdev/testdev/testdev/testdev/testdev/testdev/testdev/testdev/testdev/testdev/testdev/testdev/testdev/testdev/testdev/testdev/testdev/testdev/testdev,hi
2021-04-27 15:11:03.734435,clannad/nagisa,hi
2021-04-27 15:12:53.799343,hello/there,hi
2021-04-27 15:12:53.800151,dev/testdev/testdev/testdev/testdev/testdev/testdev/testdev/testdev/testdev/testdev/testdev/testdev/testdev/testdev/testdev/testdev/testdev/testdev/testdev/testdev/testdev/testdev/testdev/testdev/testdev/testdev/testdev/testdev/testdev/testdev/testdev/testdev/testdev/testdev/testdev/testdev/testdev/testdev/testdev/testdev/testdev/testdev/testdev/testdev/testdev/testdev/testdev/testdev/testdev/testdev/testdev/testdev/testdev/testdev/testdev/testdev/testdev/testdev/testdev/testdev/testdev/testdev/testdev/testdev/testdev/testdev/testdev/testdev/testdev/testdev/testdev/testdev/testdev/testdev/testdev/testdev/testdev/testdev/testdev/testdev/testdev/testdev/testdev/testdev/testdev/testdev/testdev/testdev/testdev/testdev/testdev/testdev/testdev/testdev/testdev/testdev/testdev/testdev/testdev/testdev/testdev/testdev/testdev/testdev/testdev/testdev/testdev/testdev/testdev/testdev/testdev/testdev/testdev/testdev/testdev/testdev/testdev/testdev/testdev/testdev/testdev/testdev/testdev/testdev/testdev/testdev/testdev/testdev/testdev/testdev/testdev/testdev/testdev/testdev/testdev/testdev/testdev/testdev/testdev/testdev/testdev/testdev/testdev/testdev/testdev/testdev/testdev/testdev/testdev/testdev/testdev/testdev/testdev/testdev/testdev/testdev/testdev/testdev/testdev/testdev/testdev/testdev/testdev/testdev/testdev/testdev/testdev/testdev/testdev/testdev/testdev/testdev/testdev/testdev/testdev/testdev/testdev/testdev/testdev/testdev/testdev/testdev/testdev/testdev/testdev/testdev/testdev/testdev/testdev/testdev/testdev/testdev/testdev/testdev/testdev/testdev/testdev/testdev/testdev/testdev/testdev/testdev/testdev/testdev/testdev/testdev/testdev/testdev/testdev/testdev/testdev/testdev/testdev/testdev/testdev/testdev/testdev/testdev/testdev/testdev/testdev,hi
2021-04-27 15:12:53.801504,clannad/nagisa,hi
2021-04-27 15:14:44.645795,hello/there,hi
2021-04-27 15:14:44.646550,dev/testdev/testdev/testdev/testdev/testdev/testdev/testdev/testdev/testdev/testdev/testdev/testdev/testdev/testdev/testdev/testdev/testdev/testdev/testdev/testdev/testdev/testdev/testdev/testdev/testdev/testdev/testdev/testdev/testdev/testdev/testdev/testdev/testdev/testdev/testdev/testdev/testdev/testdev/testdev/testdev/testdev/testdev/testdev/testdev/testdev/testdev/testdev/testdev/testdev/testdev/testdev/testdev/testdev/testdev/testdev/testdev/testdev/testdev/testdev/testdev/testdev/testdev/testdev/testdev/testdev/testdev/testdev/testdev/testdev/testdev/testdev/testdev/testdev/testdev/testdev/testdev/testdev/testdev/testdev/testdev/testdev/testdev/testdev/testdev/testdev/testdev/testdev/testdev/testdev/testdev/testdev/testdev/testdev/testdev/testdev/testdev/testdev/testdev/testdev/testdev/testdev/testdev/testdev/testdev/testdev/testdev/testdev/testdev/testdev/testdev/testdev/testdev/testdev/testdev/testdev/testdev/testdev/testdev/testdev/testdev/testdev/testdev/testdev/testdev/testdev/testdev/testdev/testdev/testdev/testdev/testdev/testdev/testdev/testdev/testdev/testdev/testdev/testdev/testdev/testdev/testdev/testdev/testdev/testdev/testdev/testdev/testdev/testdev/testdev/testdev/testdev/testdev/testdev/testdev/testdev/testdev/testdev/testdev/testdev/testdev/testdev/testdev/testdev/testdev/testdev/testdev/testdev/testdev/testdev/testdev/testdev/testdev/testdev/testdev/testdev/testdev/testdev/testdev/testdev/testdev/testdev/testdev/testdev/testdev/testdev/testdev/testdev/testdev/testdev/testdev/testdev/testdev/testdev/testdev/testdev/testdev/testdev/testdev/testdev/testdev/testdev/testdev,hi
2021-04-27 15:14:44.651494,clannad/nagisa,hi
2021-04-27 15:15:54.405092,hello/there,hi
2021-04-27 15:15:54.410012,dev/testdev/testdev/testdev/testdev/testdev/testdev/testdev/testdev/testdev/testdev/testdev/testdev/testdev/testdev/testdev/testdev/testdev/testdev/testdev/testdev/testdev/testdev/testdev/testdev/testdev/testdev/testdev/testdev/testdev/testdev/testdev/testdev/testdev/testdev/testdev/testdev/testdev/testdev/testdev/testdev/testdev/testdev/testdev/testdev/testdev/testdev/testdev/testdev/testdev/testdev/testdev/testdev/testdev/testdev/testdev/testdev/testdev/testdev/testdev/testdev/testdev/testdev/testdev/testdev/testdev/testdev/testdev/testdev/testdev/testdev/testdev/testdev/testdev/testdev/testdev/testdev/testdev/testdev/testdev/testdev/testdev/testdev/testdev/testdev/testdev/testdev/testdev/testdev/testdev/testdev/testdev/testdev/testdev/testdev/testdev/testdev/testdev/testdev/testdev/testdev/testdev/testdev/testdev/testdev/testdev/testdev/testdev/testdev/testdev/testdev/testdev/testdev/testdev/testdev/testdev/testdev/testdev/testdev/testdev/testdev/testdev/testdev/testdev/testdev/testdev/testdev/testdev/testdev/testdev/testdev/testdev/testdev/testdev/testdev/testdev/testdev/testdev/testdev/testdev/testdev/testdev/testdev/testdev/testdev/testdev/testdev/testdev/testdev/testdev/testdev/testdev/testdev/testdev/testdev/testdev/testdev/testdev/testdev/testdev/testdev/testdev/testdev/testdev/testdev/testdev/testdev/testdev/testdev/testdev/testdev/testdev/testdev/testdev/testdev/testdev/testdev/testdev/testdev/testdev/testdev/testdev/testdev/testdev/testdev,hi
2021-04-27 15:15:54.410810,clannad/nagisa,hi
2021-04-27 15:16:22.166655,hello/there,hi
2021-04-27 15:16:22.171570,dev/testdev/testdev/testdev/testdev/testdev/testdev/testdev/testdev/testdev/testdev/testdev/testdev/testdev/testdev/testdev/testdev/testdev/testdev/testdev/testdev/testdev/testdev/testdev/testdev/testdev/testdev/testdev/testdev/testdev/testdev/testdev/testdev/testdev/testdev/testdev/testdev/testdev/testdev/testdev/testdev/testdev/testdev/testdev/testdev/testdev/testdev/testdev/testdev/testdev/testdev/testdev/testdev/testdev/testdev/testdev/testdev/testdev/testdev/testdev/testdev/testdev/testdev/testdev/testdev/testdev/testdev/testdev/testdev/testdev/testdev/testdev/testdev/testdev/testdev/testdev/testdev/testdev/testdev/testdev/testdev/testdev/testdev/testdev/testdev/testdev/testdev/testdev/testdev/testdev/testdev/testdev/testdev/testdev/testdev/testdev/testdev/testdev/testdev/testdev/testdev/testdev/testdev/testdev/testdev/testdev/testdev/testdev/testdev/testdev/testdev/testdev/testdev/testdev/testdev/testdev/testdev/testdev/testdev/testdev/testdev/testdev/testdev/testdev/testdev/testdev/testdev/testdev/testdev/testdev/testdev/testdev/testdev/testdev/testdev/testdev/testdev/testdev/testdev/testdev/testdev/testdev/testdev/testdev/testdev/testdev/testdev/testdev/testdev/testdev/testdev/testdev/testdev/testdev/testdev/testdev/testdev/testdev/testdev/testdev/testdev/testdev/testdev/testdev/testdev/testdev/testdev/testdev/testdev/testdev/testdev/testdev/testdev/testdev/testdev/testdev/testdev/testdev/testdev/testdev/testdev/testdev/testdev/testdev/testdev/testdev/testdev/testdev,hi
2021-04-27 15:16:22.172258,clannad/nagisa,hi
2021-04-27 15:16:41.948837,hello/there,hi
2021-04-27 15:16:41.954003,dev/testdev/testdev/testdev/testdev/testdev/testdev/testdev/testdev/testdev/testdev/testdev/testdev/testdev/testdev/testdev/testdev/testdev/testdev/testdev/testdev/testdev/testdev/testdev/testdev/testdev/testdev/testdev/testdev/testdev/testdev/testdev/testdev/testdev/testdev/testdev/testdev/testdev/testdev/testdev/testdev/testdev/testdev/testdev/testdev/testdev/testdev/testdev/testdev/testdev/testdev/testdev/testdev/testdev/testdev/testdev/testdev/testdev/testdev/testdev/testdev/testdev/testdev/testdev/testdev/testdev/testdev/testdev/testdev/testdev/testdev/testdev/testdev/testdev/testdev/testdev/testdev/testdev/testdev/testdev/testdev/testdev/testdev/testdev/testdev/testdev/testdev/testdev/testdev/testdev/testdev/testdev/testdev/testdev/testdev/testdev/testdev/testdev/testdev/testdev/testdev/testdev/testdev/testdev/testdev/testdev/testdev/testdev/testdev/testdev/testdev/testdev/testdev/testdev/testdev/testdev/testdev/testdev/testdev/testdev/testdev/testdev/testdev/testdev/testdev/testdev/testdev/testdev/testdev/testdev/testdev/testdev/testdev/testdev/testdev/testdev/testdev/testdev/testdev/testdev/testdev/testdev/testdev/testdev/testdev/testdev/testdev/testdev/testdev/testdev/testdev/testdev/testdev/testdev/testdev/testdev/testdev/testdev/testdev/testdev/testdev/testdev/testdev/testdev/testdev/testdev/testdev/testdev/testdev/testdev/testdev/testdev/testdev/testdev/testdev/testdev/testdev/testdev/testdev/testdev/testdev/testdev/testdev/testdev/testdev/testdev/testdev/testdev/testdev,hi
2021-04-27 15:16:41.954762,clannad/nagisa,hi
2021-04-27 15:19:11.769898,hello/there,hi
2021-04-27 15:19:11.770923,dev/testdev/testdev/testdev/testdev/testdev/testdev/testdev/testdev/testdev/testdev/testdev/testdev/testdev/testdev/testdev/testdev/testdev/testdev/testdev/testdev/testdev/testdev/testdev/testdev/testdev/testdev/testdev/testdev/testdev/testdev/testdev/testdev/testdev/testdev/testdev/testdev/testdev/testdev/testdev/testdev/testdev/testdev/testdev/testdev/testdev/testdev/testdev/testdev/testdev/testdev/testdev/testdev/testdev/testdev/testdev/testdev/testdev/testdev/testdev/testdev/testdev/testdev/testdev/testdev/testdev/testdev/testdev/testdev/testdev/testdev/testdev/testdev/testdev/testdev/testdev/testdev/testdev/testdev/testdev/testdev/testdev/testdev/testdev/testdev/testdev/testdev/testdev/testdev/testdev/testdev/testdev/testdev/testdev/testdev/testdev/testdev/testdev/testdev/testdev/testdev/testdev/testdev/testdev/testdev/testdev/testdev/testdev/testdev/testdev/testdev/testdev/testdev/testdev/testdev/testdev/testdev/testdev/testdev/testdev/testdev/testdev/testdev/testdev/testdev/testdev/testdev/testdev/testdev/testdev/testdev/testdev/testdev/testdev/testdev/testdev/testdev/testdev/testdev/testdev/testdev/testdev/testdev/testdev/testdev/testdev/testdev/testdev/testdev/testdev/testdev/testdev/testdev/testdev/testdev/testdev/testdev/testdev/testdev/testdev/testdev/testdev/testdev/testdev/testdev/testdev/testdev/testdev/testdev/testdev/testdev/testdev/testdev/testdev/testdev/testdev/testdev/testdev/testdev/testdev/testdev/testdev/testdev/testdev/testdev/testdev/testdev/testdev/testdev/testdev/testdev/testdev/testdev/testdev/testdev/testdev/testdev,hi
2021-04-27 15:19:11.771636,clannad/nagisa,hi
2021-04-27 15:20:10.209703,hello/there,hi
2021-04-27 15:20:10.210474,dev/testdev/testdev/testdev/testdev/testdev/testdev/testdev/testdev/testdev/testdev/testdev/testdev/testdev/testdev/testdev/testdev/testdev/testdev/testdev/testdev/testdev/testdev/testdev/testdev/testdev/testdev/testdev/testdev/testdev/testdev/testdev/testdev/testdev/testdev/testdev/testdev/testdev/testdev/testdev/testdev/testdev/testdev/testdev/testdev/testdev/testdev/testdev/testdev/testdev/testdev/testdev/testdev/testdev/testdev/testdev/testdev/testdev/testdev/testdev/testdev/testdev/testdev/testdev/testdev/testdev/testdev/testdev/testdev/testdev/testdev/testdev/testdev/testdev/testdev/testdev/testdev/testdev/testdev/testdev/testdev/testdev/testdev/testdev/testdev/testdev/testdev/testdev/testdev/testdev/testdev/testdev/testdev/testdev/testdev/testdev/testdev/testdev/testdev/testdev/testdev/testdev/testdev/testdev/testdev/testdev/testdev/testdev/testdev/testdev/testdev/testdev/testdev/testdev/testdev/testdev/testdev/testdev/testdev/testdev/testdev/testdev/testdev/testdev/testdev/testdev/testdev/testdev/testdev/testdev/testdev/testdev/testdev/testdev/testdev/testdev/testdev/testdev/testdev/testdev/testdev/testdev/testdev/testdev/testdev/testdev/testdev/testdev/testdev/testdev/testdev/testdev/testdev/testdev/testdev/testdev/testdev/testdev/testdev/testdev/testdev/testdev/testdev/testdev/testdev/testdev/testdev/testdev/testdev/testdev/testdev/testdev/testdev/testdev/testdev/testdev/testdev/testdev/testdev/testdev/testdev/testdev/testdev/testdev/testdev/testdev/testdev/testdev/testdev/testdev/testdev/testdev/testdev/testdev/testdev/testdev/testdev/testdev/testdev/testdev/testdev/testdev/testdev/testdev/testdev/testdev/testdev,hi
2021-04-27 15:20:10.210966,clannad/nagisa,hi
2021-04-27 15:21:04.961736,hello/there,hi
2021-04-27 15:21:04.966212,dev/testdev/testdev/testdev/testdev/testdev/testdev/testdev/testdev/testdev/testdev/testdev/testdev/testdev/testdev/testdev/testdev/testdev/testdev/testdev/testdev/testdev/testdev/testdev/testdev/testdev/testdev/testdev/testdev/testdev/testdev/testdev/testdev/testdev/testdev/testdev/testdev/testdev/testdev/testdev/testdev/testdev/testdev/testdev/testdev/testdev/testdev/testdev/testdev/testdev/testdev/testdev/testdev/testdev/testdev/testdev/testdev/testdev/testdev/testdev/testdev/testdev/testdev/testdev/testdev/testdev/testdev/testdev/testdev/testdev/testdev/testdev/testdev/testdev/testdev/testdev/testdev/testdev/testdev/testdev/testdev/testdev/testdev/testdev/testdev/testdev/testdev/testdev/testdev/testdev/testdev/testdev/testdev/testdev/testdev/testdev/testdev/testdev/testdev/testdev/testdev/testdev/testdev/testdev/testdev/testdev/testdev/testdev/testdev/testdev/testdev/testdev/testdev/testdev/testdev/testdev/testdev/testdev/testdev/testdev/testdev/testdev/testdev/testdev/testdev/testdev/testdev/testdev/testdev/testdev/testdev/testdev/testdev/testdev/testdev/testdev/testdev/testdev/testdev/testdev/testdev/testdev/testdev/testdev/testdev/testdev/testdev/testdev/testdev/testdev/testdev/testdev/testdev/testdev/testdev/testdev/testdev/testdev/testdev/testdev/testdev/testdev/testdev/testdev/testdev/testdev/testdev/testdev/testdev/testdev/testdev/testdev/testdev/testdev/testdev/testdev/testdev/testdev/testdev/testdev/testdev/testdev/testdev/testdev/testdev/testdev/testdev/testdev/testdev/testdev/testdev/testdev/testdev/testdev/testdev/testdev/testdev/testdev/testdev/testdev,hi
2021-04-27 15:21:04.966809,clannad/nagisa,hi
2021-04-27 15:23:01.340275,hello/there,hi
2021-04-27 15:23:01.345712,dev/testdev/testdev/testdev/testdev/testdev/testdev/testdev/testdev/testdev/testdev/testdev/testdev/testdev/testdev/testdev/testdev/testdev/testdev/testdev/testdev/testdev/testdev/testdev/testdev/testdev/testdev/testdev/testdev/testdev/testdev/testdev/testdev/testdev/testdev/testdev/testdev/testdev/testdev/testdev/testdev/testdev/testdev/testdev/testdev/testdev/testdev/testdev/testdev/testdev/testdev/testdev/testdev/testdev/testdev/testdev/testdev/testdev/testdev/testdev/testdev/testdev/testdev/testdev/testdev/testdev/testdev/testdev/testdev/testdev/testdev/testdev/testdev/testdev/testdev/testdev/testdev/testdev/testdev/testdev/testdev/testdev/testdev/testdev/testdev/testdev/testdev/testdev/testdev/testdev/testdev/testdev/testdev/testdev/testdev/testdev/testdev/testdev/testdev/testdev/testdev/testdev/testdev/testdev/testdev/testdev/testdev/testdev/testdev/testdev/testdev/testdev/testdev/testdev/testdev/testdev/testdev/testdev/testdev/testdev/testdev/testdev/testdev/testdev/testdev/testdev/testdev/testdev/testdev/testdev/testdev/testdev/testdev/testdev/testdev/testdev/testdev/testdev/testdev/testdev/testdev/testdev/testdev/testdev/testdev/testdev/testdev/testdev/testdev/testdev/testdev/testdev/testdev/testdev/testdev/testdev/testdev/testdev/testdev/testdev/testdev/testdev/testdev/testdev/testdev/testdev/testdev/testdev/testdev/testdev/testdev/testdev/testdev/testdev/testdev/testdev/testdev/testdev/testdev/testdev/testdev/testdev/testdev/testdev/testdev/testdev/testdev/testdev/testdev/testdev/testdev/testdev/testdev/testdev/testdev/testdev/testdev/testdev/testdev/testdev/testdev,hi
2021-04-27 15:23:01.346213,clannad/nagisa,hi
2021-04-27 15:23:48.925699,hello/there,hi
2021-04-27 15:23:48.926646,dev/testdev/testdev/testdev/testdev/testdev/testdev/testdev/testdev/testdev/testdev/testdev/testdev/testdev/testdev/testdev/testdev/testdev/testdev/testdev/testdev/testdev/testdev/testdev/testdev/testdev/testdev/testdev/testdev/testdev/testdev/testdev/testdev/testdev/testdev/testdev/testdev/testdev/testdev/testdev/testdev/testdev/testdev/testdev/testdev/testdev/testdev/testdev/testdev/testdev/testdev/testdev/testdev/testdev/testdev/testdev/testdev/testdev/testdev/testdev/testdev/testdev/testdev/testdev/testdev/testdev/testdev/testdev/testdev/testdev/testdev/testdev/testdev/testdev/testdev/testdev/testdev/testdev/testdev/testdev/testdev/testdev/testdev/testdev/testdev/testdev/testdev/testdev/testdev/testdev/testdev/testdev/testdev/testdev/testdev/testdev/testdev/testdev/testdev/testdev/testdev/testdev/testdev/testdev/testdev/testdev/testdev/testdev/testdev/testdev/testdev/testdev/testdev/testdev/testdev/testdev/testdev/testdev/testdev/testdev/testdev/testdev/testdev/testdev/testdev/testdev/testdev/testdev/testdev/testdev/testdev/testdev/testdev/testdev/testdev/testdev/testdev/testdev/testdev/testdev/testdev/testdev/testdev/testdev/testdev/testdev/testdev/testdev/testdev/testdev/testdev/testdev/testdev/testdev/testdev/testdev/testdev/testdev/testdev/testdev/testdev/testdev/testdev/testdev/testdev/testdev/testdev/testdev/testdev/testdev/testdev/testdev/testdev/testdev/testdev/testdev/testdev/testdev/testdev/testdev/testdev/testdev/testdev/testdev/testdev/testdev/testdev/testdev/testdev/testdev/testdev/testdev/testdev/testdev/testdev/testdev/testdev/testdev/testdev/testdev/tes,hi
2021-04-27 15:23:48.927173,clannad/nagisa,hi
2021-04-27 15:25:04.389911,hello/there,hi
2021-04-27 15:25:04.395009,dev/testdev/testdev/testdev/testdev/testdev/testdev/testdev/testdev/testdev/testdev/testdev/testdev/testdev/testdev/testdev/testdev/testdev/testdev/testdev/testdev/testdev/testdev/testdev/testdev/testdev/testdev/testdev/testdev/testdev/testdev/testdev/testdev/testdev/testdev/testdev/testdev/testdev/testdev/testdev/testdev/testdev/testdev/testdev/testdev/testdev/testdev/testdev/testdev/testdev/testdev/testdev/testdev/testdev/testdev/testdev/testdev/testdev/testdev/testdev/testdev/testdev/testdev/testdev/testdev/testdev/testdev/testdev/testdev/testdev/testdev/testdev/testdev/testdev/testdev/testdev/testdev/testdev/testdev/testdev/testdev/testdev/testdev/testdev/testdev/testdev/testdev/testdev/testdev/testdev/testdev/testdev/testdev/testdev/testdev/testdev/testdev/testdev/testdev/testdev/testdev/testdev/testdev/testdev/testdev/testdev/testdev/testdev/testdev/testdev/testdev/testdev/testdev/testdev/testdev/testdev/testdev/testdev/testdev/testdev/testdev/testdev/testdev/testdev/testdev/testdev/testdev/testdev/testdev/testdev/testdev/testdev/testdev/testdev/testdev/testdev/testdev/testdev/testdev/testdev/testdev/testdev/testdev/testdev/testdev/testdev/testdev/testdev/testdev/testdev/testdev/testdev/testdev/testdev/testdev/testdev/testdev/testdev/testdev/testdev/testdev/testdev/testdev/testdev/testdev/testdev/testdev/testdev/testdev/testdev/testdev/testdev/testdev/testdev/testdev/testdev/testdev/testdev/testdev/testdev/testdev/testdev/testdev/testdev/testdev/testdev/testdev/testdev/testdev/testdev/testdev/testdev/testdev/testdev/testdev/testdev/testdev/testdev/testdev/testdev/t,hi
2021-04-27 15:25:04.395650,clannad/nagisa,hi
2021-04-27 15:25:50.750180,hello/there,hi
2021-04-27 15:25:50.751157,dev/testdev/testdev/testdev/testdev/testdev/testdev/testdev/testdev/testdev/testdev/testdev/testdev/testdev/testdev/testdev/testdev/testdev/testdev/testdev/testdev/testdev/testdev/testdev/testdev/testdev/testdev/testdev/testdev/testdev/testdev/testdev/testdev/testdev/testdev/testdev/testdev/testdev/testdev/testdev/testdev/testdev/testdev/testdev/testdev/testdev/testdev/testdev/testdev/testdev/testdev/testdev/testdev/testdev/testdev/testdev/testdev/testdev/testdev/testdev/testdev/testdev/testdev/testdev/testdev/testdev/testdev/testdev/testdev/testdev/testdev/testdev/testdev/testdev/testdev/testdev/testdev/testdev/testdev/testdev/testdev/testdev/testdev/testdev/testdev/testdev/testdev/testdev/testdev/testdev/testdev/testdev/testdev/testdev/testdev/testdev/testdev/testdev/testdev/testdev/testdev/testdev/testdev/testdev/testdev/testdev/testdev/testdev/testdev/testdev/testdev/testdev/testdev/testdev/testdev/testdev/testdev/testdev/testdev/testdev/testdev/testdev/testdev/testdev/testdev/testdev/testdev/testdev/testdev/testdev/testdev/testdev/testdev/testdev/testdev/testdev/testdev/testdev/testdev/testdev/testdev/testdev/testdev/testdev/testdev/testdev/testdev/testdev/testdev/testdev/testdev/testdev/testdev/testdev/testdev/testdev/testdev/testdev/testdev/testdev/testdev/testdev/testdev/testdev/testdev/testdev/testdev/testdev/testdev/testdev/testdev/testdev/testdev/testdev/testdev/testdev/testdev/testdev/testdev/testdev/testdev/testdev/testdev/testdev/testdev/testdev/testdev/testdev/testdev/testdev/testdev/testdev/testdev/testdev/testdev/testdev/testdev/testdev/testdev/testdevt,hi
2021-04-27 15:25:50.751875,clannad/nagisa,hi
2021-04-27 15:26:31.530689,hello/there,hi
2021-04-27 15:26:31.535637,dev/testdev/testdev/testdev/testdev/testdev/testdev/testdev/testdev/testdev/testdev/testdev/testdev/testdev/testdev/testdev/testdev/testdev/testdev/testdev/testdev/testdev/testdev/testdev/testdev/testdev/testdev/testdev/testdev/testdev/testdev/testdev/testdev/testdev/testdev/testdev/testdev/testdev/testdev/testdev/testdev/testdev/testdev/testdev/testdev/testdev/testdev/testdev/testdev/testdev/testdev/testdev/testdev/testdev/testdev/testdev/testdev/testdev/testdev/testdev/testdev/testdev/testdev/testdev/testdev/testdev/testdev/testdev/testdev/testdev/testdev/testdev/testdev/testdev/testdev/testdev/testdev/testdev/testdev/testdev/testdev/testdev/testdev/testdev/testdev/testdev/testdev/testdev/testdev/testdev/testdev/testdev/testdev/testdev/testdev/testdev/testdev/testdev/testdev/testdev/testdev/testdev/testdev/testdev/testdev/testdev/testdev/testdev/testdev/testdev/testdev/testdev/testdev/testdev/testdev/testdev/testdev/testdev/testdev/testdev/testdev/testdev/testdev/testdev/testdev/testdev/testdev/testdev/testdev/testdev/testdev/testdev/testdev/testdev/testdev/testdev/testdev/testdev/testdev/testdev/testdev/testdev/testdev/testdev/testdev/testdev/testdev/testdev/testdev/testdev/testdev/testdev/testdev/testdev/testdev/testdev/testdev/testdev/testdev/testdev/testdev/testdev/testdev/testdev/testdev/testdev/testdev/testdev/testdev/testdev/testdev/testdev/testdev/testdev/testdev/testdev/testdev/testdev/testdev/testdev/testdev/testdev/testdev/testdev/testdev/testdev/testdev/testdev/testdev/testdev/testdev/testdev/testdev/testdev/testdev/testdev/testdev/testdev/testdev/testdevte,hi
2021-04-27 15:26:31.536366,clannad/nagisa,hi
2021-04-27 15:28:21.094243,hello/there,hi
2021-04-27 15:28:21.095154,dev/testdev/testdev/testdev/testdev/testdev/testdev/testdev/testdev/testdev/testdev/testdev/testdev/testdev/testdev/testdev/testdev/testdev/testdev/testdev/testdev/testdev/testdev/testdev/testdev/testdev/testdev/testdev/testdev/testdev/testdev/testdev/testdev/testdev/testdev/testdev/testdev/testdev/testdev/testdev/testdev/testdev/testdev/testdev/testdev/testdev/testdev/testdev/testdev/testdev/testdev/testdev/testdev/testdev/testdev/testdev/testdev/testdev/testdev/testdev/testdev/testdev/testdev/testdev/testdev/testdev/testdev/testdev/testdev/testdev/testdev/testdev/testdev/testdev/testdev/testdev/testdev/testdev/testdev/testdev/testdev/testdev/testdev/testdev/testdev/testdev/testdev/testdev/testdev/testdev/testdev/testdev/testdev/testdev/testdev/testdev/testdev/testdev/testdev/testdev/testdev/testdev/testdev/testdev/testdev/testdev/testdev/testdev/testdev/testdev/testdev/testdev/testdev/testdev/testdev/testdev/testdev/testdev/testdev/testdev/testdev/testdev/testdev/testdev/testdev/testdev/testdev/testdev/testdev/testdev/testdev/testdev/testdev/testdev/testdev/testdev/testdev/testdev/testdev/testdev/testdev/testdev/testdev/testdev/testdev/testdev/testdev/testdev/testdev/testdev/testdev/testdev/testdev/testdev/testdev/testdev/testdev/testdev/testdev/testdev/testdev/testdev/testdev/testdev/testdev/testdev/testdev/testdev/testdev/testdev/testdev/testdev/testdev/testdev/testdev/testdev/testdev/testdev/testdev/testdev/testdev/testdev/testdev/testdev/testdev/testdev/testdev/testdev/testdev/testdev/testdev/testdev/testdev/testdev/testdev/testdev/testdev/testdev/testdev/testdev/t,hi
2021-04-27 15:28:21.095682,clannad/nagisa,hi
2021-04-27 16:14:45.946033,hello/there,hi
2021-04-27 16:14:45.946974,dev/testdev/testdev/testdev/testdev/testdev/testdev/testdev/testdev/testdev/testdev/testdev/testdev/testdev/testdev/testdev/testdev/testdev/testdev/testdev/testdev/testdev/testdev/testdev/testdev/testdev/testdev/testdev/testdev/testdev/testdev/testdev/testdev/testdev/testdev/testdev/testdev/testdev/testdev/testdev/testdev/testdev/testdev/testdev/testdev/testdev/testdev/testdev/testdev/testdev/testdev/testdev/testdev/testdev/testdev/testdev/testdev/testdev/testdev/testdev/testdev/testdev/testdev/testdev/testdev/testdev/testdev/testdev/testdev/testdev/testdev/testdev/testdev/testdev/testdev/testdev/testdev/testdev/testdev/testdev/testdev/testdev/testdev/testdev/testdev/testdev/testdev/testdev/testdev/testdev/testdev/testdev/testdev/testdev/testdev/testdev/testdev/testdev/testdev/testdev/testdev/testdev/testdev/testdev/testdev/testdev/testdev/testdev/testdev/testdev/testdev/testdev/testdev/testdev/testdev/testdev/testdev/testdev/testdev/testdev/testdev/testdev/testdev/testdev/testdev/testdev/testdev/testdev/testdev/testdev/testdev/testdev/testdev/testdev/testdev/testdev/testdev/testdev/testdev/testdev/testdev/testdev/testdev/testdev/testdev/testdev/testdev/testdev/testdev/testdev/testdev/testdev/testdev/testdev/testdev/testdev/testdev/testdev/testdev/testdev/testdev/testdev/testdev/testdev/testdev/testdev/testdev/testdev/testdev/testdev/testdev/testdev/testdev/testdev/testdev/testdev/testdev/testdev/testdev/testdev/testdev/testdev/testdev/testdev/testdev/testdev/testdev/testdev/testdev/testdev/testdev/testdev/testdev/testdev/testdev/testdev/testdev/testdev/testdev/testdev/t,hi
2021-04-27 16:14:45.947589,clannad/nagisa,hi
2021-04-27 16:16:51.559753,hello/there,hi
2021-04-27 16:16:51.560805,dev/testdev/testdev/testdev/testdev/testdev/testdev/testdev/testdev/testdev/testdev/testdev/testdev/testdev/testdev/testdev/testdev/testdev/testdev/testdev/testdev/testdev/testdev/testdev/testdev/testdev/testdev/testdev/testdev/testdev/testdev/testdev/testdev/testdev/testdev/testdev/testdev/testdev/testdev/testdev/testdev/testdev/testdev/testdev/testdev/testdev/testdev/testdev/testdev/testdev/testdev/testdev/testdev/testdev/testdev/testdev/testdev/testdev/testdev/testdev/testdev/testdev/testdev/testdev/testdev/testdev/testdev/testdev/testdev/testdev/testdev/testdev/testdev/testdev/testdev/testdev/testdev/testdev/testdev/testdev/testdev/testdev/testdev/testdev/testdev/testdev/testdev/testdev/testdev/testdev/testdev/testdev/testdev/testdev/testdev/testdev/testdev/testdev/testdev/testdev/testdev/testdev/testdev/testdev/testdev/testdev/testdev/testdev/testdev/testdev/testdev/testdev/testdev/testdev/testdev/testdev/testdev/testdev/testdev/testdev/testdev/testdev/testdev/testdev/testdev/testdev/testdev/testdev/testdev/testdev/testdev/testdev/testdev/testdev/testdev/testdev/testdev/testdev/testdev/testdev/testdev/testdev/testdev/testdev/testdev/testdev/testdev/testdev/testdev/testdev/testdev/testdev/testdev/testdev/testdev/testdev/testdev/testdev/testdev/testdev/testdev/testdev/testdev/testdev/testdev/testdev/testdev/testdev/testdev/testdev/testdev/testdev/testdev/testdev/testdev/testdev/testdev/testdev/testdev/testdev/testdev/testdev/testdev/testdev/testdev/testdev/testdev/testdev/testdev/testdev/testdev/testdev/testdev/testdev/testdev/testdev/testdev/testdev/testdev/testdev/t,hi
2021-04-27 16:16:51.561472,clannad/nagisa,hi
2021-04-27 16:20:33.178125,hello/there,hi
2021-04-27 16:20:33.180688,dev/testdevtestdevtestdevtestdevtestdevtestdevtestdevtestdev/testdev/testdev/testdev/testdev/testdev/testdev/testdev/testdev/testdev/testdev/testdev/testdev/testdev/testdev/testdev/testdev/testdev/testdev/testdev/testdev/testdev/testdev/testdev/testdev/testdev/testdev/testdev/testdev/testdev/testdev/testdev/testdev/testdev/testdev/testdev/testdev/testdev/testdev/testdev/testdev/testdev/testdev/testdev/testdev/testdev/testdev/testdev/testdev/testdev/testdev/testdev/testdev/testdev/testdev/testdev/testdev/testdev/testdev/testdev/testdev/testdev/testdev/testdev/testdev/testdev/testdev/testdev/testdev/testdev/testdev/testdev/testdev/testdev/testdev/testdev/testdev/testdev/testdev/testdev/testdev/testdev/testdev/testdev/testdev/testdev/testdev/testdev/testdev/testdev/testdev/testdev/testdev/testdev/testdev/testdev/testdev/testdev/testdev/testdev/testdev/testdev/testdev/testdev/testdev/testdev/testdev/testdev/testdev/testdev/testdev/testdev/testdev/testdev/testdev/testdev/testdev/testdev/testdev/testdev/testdev/testdev/testdev/testdev/testdev/testdev/testdev/testdev/testdev/testdev/testdev/testdev/testdev/testdev/testdev/testdev/testdev/testdev/testdev/testdev/testdev/testdev/testdev/testdev/testdev/testdev/testdev/testdev/testdev/testdev/testdev/testdev/testdev/testdev/testdev/testdev/testdev/testdev/testdev/testdev/testdev/testdev/testdev/testdev/testdev/testdev/testdev/testdev/testdev/testdev/testdev/testdev/testdev/testdev/testdev/testdev/testdev/testdev/testdev/testdev/testdev/testdev/testdev/testdev/testdev/testdev/testdev/testdev/testdev/testdev/testdev/testdev/testdev/testdev,hi
2021-04-27 16:20:33.181536,clannad/nagisa,hi
2021-04-27 16:21:47.969001,hello/there,hi
2021-04-27 16:21:47.970263,dev/testdevtestdevtestdevtestdevtestdevtestdevtestdevtestdev/testdev/testdev/testdev/testdev/testdev/testdev/testdev/testdev/testdev/testdev/testdev/testdev/testdev/testdev/testdev/testdev/testdev/testdev/testdev/testdev/testdev/testdev/testdev/testdev/testdev/testdev/testdev/testdev/testdev/testdev/testdev/testdev/testdev/testdev/testdev/testdev/testdev/testdev/testdev/testdev/testdev/testdev/testdev/testdev/testdev/testdev/testdev/testdev/testdev/testdev/testdev/testdev/testdev/testdev/testdev/testdev/testdev/testdev/testdev/testdev/testdev/testdev/testdev/testdev/testdev/testdev/testdev/testdev/testdev/testdev/testdev/testdev/testdev/testdev/testdev/testdev/testdev/testdev/testdev/testdev/testdev/testdev/testdev/testdev/testdev/testdev/testdev/testdev/testdev/testdev/testdev/testdev/testdev/testdev/testdev/testdev/testdev/testdev/testdev/testdev/testdev/testdev/testdev/testdev/testdev/testdev/testdev/testdev/testdev/testdev/testdev/testdev/testdev/testdev/testdev/testdev/testdev/testdev/testdev/testdev/testdev/testdev/testdev/testdev/testdev/testdev/testdev/testdev/testdev/testdev/testdev/testdev/testdev/testdev/testdev/testdev/testdev/testdev/testdev/testdev/testdev/testdev/testdev/testdev/testdev/testdev/testdev/testdev/testdev/testdev/testdev/testdev/testdev/testdev/testdev/testdev/testdev/testdev/testdev/testdev/testdev/testdev/testdev/testdev/testdev/testdev/testdev/testdev/testdev/testdev/testdev/testdev/testdev/testdev/testdev/testdev/testdev/testdev/testdev/testdev/testdev/testdev/testdev/testdev/testdev/testdev/testdev/testdev/testdev/testdev/testdev/testdev/testdevaaaaaaaaaaaaaaaaaaaaaaaaaaaaaaaaaaaaaaaaaaaaaaaaaaaaaaaaaaaaaaaaaaaaaaaaaaaaaaaaaaaaaaaaaaaaaaaaaaaaaaaaaaaaaaaaaaaaaaaaafhjdifikewsfjsijfijfiejfewjfiewjfesivfjsdvkjgvedoifjojrjfoejvedjclksdjfksdjlkfjadsklcfjklsdjfklsdjflksdjflksdjflksdjklfewsdjlksdksdlkfsdjfsdjkfjsdlksdkfjsdklfjlsdfjdslf,hi
2021-04-27 16:21:47.973810,clannad/nagisa,hi
2021-04-27 16:23:03.680998,hello/there,hi
2021-04-27 16:23:03.683657,dev/testdev/testdev/testdev/testdev/testdev/testdev/testdev/testdev/testdev/testdev/testdev/testdev/testdev/testdev/testdev/testdev/testdev/testdev/testdev/testdev/testdev/testdev/testdev/testdev/testdev/testdev/testdev/testdev/testdev/testdev/testdev/testdev/testdev/testdev/testdev/testdev/testdev/testdev/testdev/testdev/testdev/testdev/testdev/testdev/testdev/testdev/testdev/testdev/testdev/testdev/testdev/testdev/testdev/testdev/testdev/testdev/testdev/testdev/testdev/testdev/testdev/testdev/testdev/testdev/testdev/testdev/testdev/testdev/testdev/testdev/testdev/testdev/testdev/testdev/testdev/testdev/testdev/testdev/testdev/testdev/testdev/testdev/testdev/testdev/testdev/testdev/testdev/testdev/testdev/testdev/testdev/testdev/testdev/testdev/testdev/testdev/testdev/testdev/testdev/testdev/testdev/testdev/testdev/testdev/testdev/testdev/testdev/testdev/testdev/testdev/testdev/testdev/testdev/testdev/testdev/testdev/testdev/testdev/testdev/testdev/testdev/testdev/testdev/testdev/testdev/testdev/testdev/testdev/testdev/testdev/testdev/testdev/testdev/testdev/testdev/testdev/testdev/testdev/testdev/testdev/testdev/testdev/testdev/testdev/testdev/testdev/testdev/testdev/testdev/testdev/testdev/testdev/testdev/testdev/testdev/testdev/testdev/testdev/testdev/testdev/testdev/testdev/testdev/testdev/testdev/testdev/testdev/testdev/testdev/testdev/testdev/testdev/testdev/testdev/testdev/testdev/testdev/testdev/testdev/testdev/testdev/testdev/testdev/testdev/testdev/testdev/testdev/testdev/testdev/testdev/testdev/testdev/testdev/testdev/testdev/testdev/testdev/testdev/testdevte,hi
2021-04-27 16:23:03.684376,clannad/nagisa,hi
2021-04-27 16:24:45.697561,hello/there,hi
2021-04-27 16:24:45.698580,d/d/d/d/d/d/d/d/d/d/d/d/d/d/d/d/d/d/d/d/d/d/d/d/d/d/d/d/d/d/d/d/d/d/d/d/d/d/d/d/d/d/d/d/d/d/d/d/d/d/d/d/d/d/d/d/d/d/d/d/d/d/d/d/d/d/d/d/d/d/d/d/d/d/d/d/d/d/d/d/d/d/d/d/d/d/d/d/d/d/d/d/d/d/d/d/d/d/d/d/d/d/d/d/d/d/d/d/d/d/d/d/d/d/d/d/d/d/d/d/d/d/d/d/d/d/d/d/d/d/d/d/d/d/d/d/d/d/d/d/d/d/d/d/d/d/d/d/d/d/d/d/d/d/d/d/d/d/d/d/d/d/d/d/d/d/d/d/d/d/d/d/d/d/d/d/d/d/d/d/d/d/d/d/d/d/d/d/d/,hi
2021-04-27 16:24:45.701892,clannad/nagisa,hi
2021-04-27 16:26:02.008099,hello/there,hi
2021-04-27 16:26:02.009219,d/d/d/d/d/d/d/d/d/d/d/d/d/d/d/d/d/d/d/d/d/d/d/d/d/d/d/d/d/d/d/d/d/d/d/d/d/d/d/d/d/d/d/d/d/d/d/d/d/d/d/d/d/d/d/d/d/d/d/d/d/d/d/d/d/d/d/d/d/d/d/d/d/d/d/d/d/d/d/d/d/d/d/d/d/d/d/d/d/d/d/d/d/d/d/d/d/d/d/d/d/d/d/d/d/d/d/d/d/d/d/d/d/d/d/d/d/d/d/d/d/d/d/d/d/d/d/d/d/d/d/d/d/d/d/d/d/d/d/d/d/d/d/d/d/d/d/d/d/d/d/d/d/d/d/d/d/d/d/d/d/d/d/d/d/d/d/d/d/d/d/d/d/d/d/d/d/d/d/d/d/d/d/d/d/d/d/d/d/,hi
2021-04-27 16:26:02.009897,clannad/nagisa,hi
2021-04-27 16:26:42.626572,hello/there,hi
2021-04-27 16:26:42.627542,d/d/d/d/d/d/d/d/d/d/d/d/d/d/d/d/d/d/d/d/d/d/d/d/d/d/d/d/d/d/d/d/d/d/d/d/d/d/d/d/d/d/d/d/d/d/d/d/d/d/d/d/d/d/d/d/d/d/d/d/d/d/d/d/d/d/d/d/d/d/d/d/d/d/d/d/d/d/d/d/d/d/d/d/d/d/d/d/d/d/d/d/d/d/d/d/d/d/d/d/d/d/d/d/d/d/d/d/d/d/d/d/d/d/d/d/d/d/d/d/d/d/d/d/d/d/d/d/d/d/d/d/d/d/d/d/d/d/d/d/d/d/d/d/d/d/d/d/d/d/d/d/d/d/d/d/d/d/d/d/d/d/d/d/d/d/d/d/d/d/d/d/d/d/d/d/d/d/d/d/d/d/d/d/d/d/d/d/d/d/d/d/d/d/d/d/d/d/d/d/d/d/d/d/d/d/d/,hi
2021-04-27 16:26:42.628143,clannad/nagisa,hi
2021-04-27 16:28:00.485897,hello/there,hi
2021-04-27 16:28:00.488035,d/d/d/d/d/d/d/d/d/d/d/d/d/d/d/d/d/d/d/d/d/d/d/d/d/d/d/d/d/d/d/d/d/d/d/d/d/d/d/d/d/d/d/d/d/d/d/d/d/d/d/d/d/d/d/d/d/d/d/d/d/d/d/d/d/d/d/d/d/d/d/d/d/d/d/d/d/d/d/d/d/d/d/d/d/d/d/d/d/d/d/d/d/d/d/d/d/d/d/d/d/d/d/d/d/d/d/d/d/d/d/d/d/d/d/d/d/d/d/d/d/d/d/d/d/d/d/d/d/d/d/d/d/d/d/d/d/d/d/d/d/d/d/d/d/d/d/d/d/d/d/d/d/d/d/d/d/d/d/d/d/d/d/d/d/d/d/d/d/d/d/d/d/d/d/d/d/d/d/d/d/d/d/d/d/d/d/d/d/d/d/d/d/d/d/d/d/d/d/d/d,hi
2021-04-27 16:28:00.488684,clannad/nagisa,hi
2021-04-27 16:28:59.213616,hello/there,hi
2021-04-27 16:28:59.214533,d/d/d/d/d/d/d/d/d/d/d/d/d/d/d/d/d/d/d/d/d/d/d/d/d/d/d/d/d/d/d/d/d/d/d/d/d/d/d/d/d/d/d/d/d/d/d/d/d/d/d/d/d/d/d/d/d/d/d/d/d/d/d/d/d/d/d/d/d/d/d/d/d/d/d/d/d/d/d/d/d/d/d/d/d/d/d/d/d/d/d/d/d/d/d/d/d/d/d/d/d/d/d/d/d/d/d/d/d/d/d/d/d/d/d/d/d/d/d/d/d/d/d/d/d/d/d/d/d/d/d/d/d/d/d/d/d/d/d/d/d/d/d/d/d/d/d/d/d/d/d/d/d/d/d/d/d/d/d/d/d/d/d/d/d/d/d/d/d/d/d/d/d/d/d/d/d/d/d/d/d/d/d/d/d/d/d/d/d/d/d/d/d/d/d/d/d/d/d/d,hi
2021-04-27 16:28:59.216821,clannad/nagisa,hi
2021-04-27 16:30:35.443929,hello/there,hi
2021-04-27 16:30:35.445117,d/d/d/d/d/d/d/d/d/d/d/d/d/d/d/d/d/d/d/d/d/d/d/d/d/d/d/d/d/d/d/d/d/d/d/d/d/d/d/d/d/d/d/d/d/d/d/d/d/d/d/d/d/d/d/d/d/d/d/d/d/d/d/d/d/d/d/d/d/d/d/d/d/d/d/d/d/d/d/d/d/d/d/d/d/d/d/d/d/d/d/d/d/d/d/d/d/d/d/d/d/d/d/d/d/d/d/d/d/d/d/d/d/d/d/d/d/d/d/d/d/d/d/d/d/d/d/d/d/d/d/d/d/d/d/d/d/d/d/d/d/d/d/d/d/d/d/d/d/d/d/d/d/d/d/d/d/d/d/d/d/d/d/d/d/d/d/d/d/d/d/d/d/d/d/d/d/d/d/d/d/d/d/d/d/d/d/d/d/d/d/d/d/d/d/d/d/d/d/d,hi
2021-04-27 16:30:35.445698,clannad/nagisa,hi
2021-04-27 16:31:03.329888,hello/there,hi
2021-04-27 16:31:03.331754,d/d/d/d/d/d/d/d/d/d/d/d/d/d/d/d/d/d/d/d/d/d/d/d/d/d/d/d/d/d/d/d/d/d/d/d/d/d/d/d/d/d/d/d/d/d/d/d/d/d/d/d/d/d/d/d/d/d/d/d/d/d/d/d/d/d/d/d/d/d/d/d/d/d/d/d/d/d/d/d/d/d/d/d/d/d/d/d/d/d/d/d/d/d/d/d/d/d/d/d/d/d/d/d/d/d/d/d/d/d/d/d/d/d/d/d/d/d/d/d/d/d/d/d/d/d/d/d/d/d/d/d/d/d/d/d/d/d/d/d/d/d/d/d/d/d/d/d/d/d/d/d/d/d/d/d/d/d/d/d/d/d/d/d/d/d/d/d/d/d/d/d/d/d/d/d/d/d/d/d/d/d/d/d/d/d/d/d/d/d/d/d/d/d/d/d/d/d/d/d/d,hi
2021-04-27 16:31:03.332289,clannad/nagisa,hi
